[
 {
  "pk": 2, 
  "model": "auth.user", 
  "fields": {
   "username": "admin", 
   "first_name": "", 
   "last_name": "", 
   "is_active": 1, 
   "is_superuser": 1, 
   "is_staff": 1, 
   "last_login": "2010-05-25 13:27:44", 
   "groups": [], 
   "user_permissions": [
    10, 
    16, 
    7, 
    13, 
    11, 
    17, 
    8, 
    14, 
    12, 
    18, 
    9, 
    15, 
    19, 
    20, 
    21, 
    58, 
    59, 
    60, 
    43, 
    46, 
    44, 
    47, 
    45, 
    48, 
    61, 
    62, 
    63, 
    4, 
    5, 
    6, 
    1, 
    2, 
    3, 
    52, 
    49, 
    55, 
    53, 
    50, 
    56, 
    54, 
    51, 
    57, 
    34, 
    37, 
    31, 
    28, 
    40, 
    35, 
    38, 
    32, 
    29, 
    41, 
    36, 
    39, 
    33, 
    30, 
    42, 
    76, 
    79, 
    82, 
    85, 
    91, 
    88, 
    77, 
    80, 
    83, 
    86, 
    92, 
    89, 
    78, 
    81, 
    84, 
    87, 
    93, 
    90, 
    97, 
    94, 
    95, 
    96, 
    22, 
    23, 
    24, 
    25, 
    26, 
    27, 
    67, 
    70, 
    64, 
    68, 
    71, 
    65, 
    69, 
    72, 
    66, 
    73, 
    74, 
    75
   ], 
   "password": "sha1$be8b4$9dfdfc92faf73c8fc7fe9c50006a928d97657643", 
   "email": "", 
   "date_joined": "2010-03-21 16:51:26"
  }
 }, 
 {
  "pk": 3, 
  "model": "auth.user", 
  "fields": {
   "username": "user", 
   "first_name": "", 
   "last_name": "", 
   "is_active": 1, 
   "is_superuser": 0, 
   "is_staff": 0, 
   "last_login": "2010-05-12 17:26:46", 
   "groups": [], 
   "user_permissions": [], 
   "password": "sha1$6b957$d43d4f1ef4978d47ede0858f4c05e6c23a3dce27", 
   "email": "", 
   "date_joined": "2010-05-12 17:25:41"
  }
 }, 
 {
  "pk": 4, 
  "model": "auth.user", 
  "fields": {
   "username": "user1", 
   "first_name": "", 
   "last_name": "", 
   "is_active": 1, 
   "is_superuser": 0, 
   "is_staff": 0, 
   "last_login": "2010-05-25 13:28:44", 
   "groups": [], 
   "user_permissions": [], 
   "password": "sha1$1833a$14cecfd2a86b5d83edfa2466a0aa13136a514eec", 
   "email": "", 
   "date_joined": "2010-05-25 13:28:19"
  }
 }, 
 {
  "pk": 1, 
  "model": "activities.commonactivityuser", 
  "fields": {
   "created_at": "2010-05-17 16:36:15", 
   "awarded": 0, 
   "updated_at": null, 
   "approval_status": "pending"
  }
 }, 
 {
  "pk": 1, 
  "model": "activities.commitment", 
  "fields": {
   "description": "Turn off your laptop/computer every day before you go to sleep.", 
   "title": "I will turn off my laptop/computer every night before going to sleep", 
   "created_at": "2010-05-12 16:18:35", 
   "updated_at": null, 
   "point_value": 2, 
   "duration": 5
  }
 }, 
 {
  "pk": 2, 
  "model": "activities.commitment", 
  "fields": {
   "description": "Unplugging your electrical appliances when they are not in use prevents them from drawing power.", 
   "title": "I will unplug all electrical appliances when I am not using them", 
   "created_at": "2010-05-12 16:19:14", 
   "updated_at": null, 
   "point_value": 2, 
   "duration": 5
  }
 }, 
 {
  "pk": 3, 
  "model": "activities.commitment", 
  "fields": {
   "description": "Turn off the lights before leaving the room.", 
   "title": "I will turn off the lights when leaving any room", 
   "created_at": "2010-05-12 16:19:39", 
   "updated_at": null, 
   "point_value": 2, 
   "duration": 5
  }
 }, 
 {
  "pk": 4, 
  "model": "activities.commitment", 
  "fields": {
   "description": "Refrigerators use lots of energy.  Sharing refrigerators means that the other does not have to be used.", 
   "title": "I will share a refrigerator with my roommate", 
   "created_at": "2010-05-12 16:20:27", 
   "updated_at": null, 
   "point_value": 2, 
   "duration": 5
  }
 }, 
 {
  "pk": 5, 
  "model": "activities.commitmentmember", 
  "fields": {
   "comment": "", 
   "created_at": "2010-05-12 18:21:35", 
   "commitment": 1, 
   "updated_at": "2010-05-12 18:21:52", 
   "completion_date": "2010-05-12", 
   "user": 1, 
   "completed": 1
  }
 }, 
 {
  "pk": 1, 
  "model": "activities.textpromptquestion", 
  "fields": {
   "answer": "kilowatt-hour", 
   "question": "What is the unit of measurement for household energy?", 
   "activity": 2
  }
 }, 
 {
  "pk": 2, 
  "model": "activities.textpromptquestion", 
  "fields": {
   "answer": "watt", 
   "question": "What is the unit of measurement for power?", 
   "activity": 2
  }
 }, 
 {
  "pk": 1, 
  "model": "activities.confirmationcode", 
  "fields": {
   "code": "orie-msrel", 
   "is_active": 1, 
   "activity": 1
  }
 }, 
 {
  "pk": 2, 
  "model": "activities.confirmationcode", 
  "fields": {
   "code": "orie-twsf9", 
   "is_active": 1, 
   "activity": 1
  }
 }, 
 {
  "pk": 3, 
  "model": "activities.confirmationcode", 
  "fields": {
   "code": "orie-sx5cv", 
   "is_active": 1, 
   "activity": 1
  }
 }, 
 {
  "pk": 4, 
  "model": "activities.confirmationcode", 
  "fields": {
   "code": "orie-f5s7c", 
   "is_active": 1, 
   "activity": 1
  }
 }, 
 {
  "pk": 5, 
  "model": "activities.confirmationcode", 
  "fields": {
   "code": "orie-xgc2f", 
   "is_active": 1, 
   "activity": 1
  }
 }, 
 {
  "pk": 6, 
  "model": "activities.confirmationcode", 
  "fields": {
   "code": "orie-wa375", 
   "is_active": 1, 
   "activity": 1
  }
 }, 
 {
  "pk": 7, 
  "model": "activities.confirmationcode", 
  "fields": {
   "code": "orie-6lh01", 
   "is_active": 1, 
   "activity": 1
  }
 }, 
 {
  "pk": 8, 
  "model": "activities.confirmationcode", 
  "fields": {
   "code": "orie-g1jrc", 
   "is_active": 1, 
   "activity": 1
  }
 }, 
 {
  "pk": 9, 
  "model": "activities.confirmationcode", 
  "fields": {
   "code": "orie-7a46z", 
   "is_active": 1, 
   "activity": 1
  }
 }, 
 {
  "pk": 10, 
  "model": "activities.confirmationcode", 
  "fields": {
   "code": "orie-dl5mz", 
   "is_active": 1, 
   "activity": 1
  }
 }, 
 {
  "pk": 11, 
  "model": "activities.confirmationcode", 
  "fields": {
   "code": "orie-w218m", 
   "is_active": 1, 
   "activity": 1
  }
 }, 
 {
  "pk": 12, 
  "model": "activities.confirmationcode", 
  "fields": {
   "code": "orie-47xan", 
   "is_active": 1, 
   "activity": 1
  }
 }, 
 {
  "pk": 13, 
  "model": "activities.confirmationcode", 
  "fields": {
   "code": "orie-p0d8b", 
   "is_active": 1, 
   "activity": 1
  }
 }, 
 {
  "pk": 14, 
  "model": "activities.confirmationcode", 
  "fields": {
   "code": "orie-73ctr", 
   "is_active": 1, 
   "activity": 1
  }
 }, 
 {
  "pk": 15, 
  "model": "activities.confirmationcode", 
  "fields": {
   "code": "orie-evrm8", 
   "is_active": 1, 
   "activity": 1
  }
 }, 
 {
  "pk": 16, 
  "model": "activities.confirmationcode", 
  "fields": {
   "code": "orie-ru6ps", 
   "is_active": 1, 
   "activity": 1
  }
 }, 
 {
  "pk": 17, 
  "model": "activities.confirmationcode", 
  "fields": {
   "code": "orie-uxzk0", 
   "is_active": 1, 
   "activity": 1
  }
 }, 
 {
  "pk": 18, 
  "model": "activities.confirmationcode", 
  "fields": {
   "code": "orie-xsz3b", 
   "is_active": 1, 
   "activity": 1
  }
 }, 
 {
  "pk": 19, 
  "model": "activities.confirmationcode", 
  "fields": {
   "code": "orie-qlhjg", 
   "is_active": 1, 
   "activity": 1
  }
 }, 
 {
  "pk": 20, 
  "model": "activities.confirmationcode", 
  "fields": {
   "code": "orie-rvfeo", 
   "is_active": 1, 
   "activity": 1
  }
 }, 
 {
  "pk": 21, 
  "model": "activities.confirmationcode", 
  "fields": {
   "code": "orie-8dfjv", 
   "is_active": 1, 
   "activity": 1
  }
 }, 
 {
  "pk": 22, 
  "model": "activities.confirmationcode", 
  "fields": {
   "code": "orie-xg7c5", 
   "is_active": 1, 
   "activity": 1
  }
 }, 
 {
  "pk": 23, 
  "model": "activities.confirmationcode", 
  "fields": {
   "code": "orie-5kaw0", 
   "is_active": 1, 
   "activity": 1
  }
 }, 
 {
  "pk": 24, 
  "model": "activities.confirmationcode", 
  "fields": {
   "code": "orie-6b3me", 
   "is_active": 1, 
   "activity": 1
  }
 }, 
 {
  "pk": 25, 
  "model": "activities.confirmationcode", 
  "fields": {
   "code": "orie-hwat8", 
   "is_active": 1, 
   "activity": 1
  }
 }, 
 {
  "pk": 26, 
  "model": "activities.confirmationcode", 
  "fields": {
   "code": "orie-nw9mg", 
   "is_active": 1, 
   "activity": 1
  }
 }, 
 {
  "pk": 27, 
  "model": "activities.confirmationcode", 
  "fields": {
   "code": "orie-ucx0h", 
   "is_active": 1, 
   "activity": 1
  }
 }, 
 {
  "pk": 28, 
  "model": "activities.confirmationcode", 
  "fields": {
   "code": "orie-y0k4o", 
   "is_active": 1, 
   "activity": 1
  }
 }, 
 {
  "pk": 29, 
  "model": "activities.confirmationcode", 
  "fields": {
   "code": "orie-9gs5b", 
   "is_active": 1, 
   "activity": 1
  }
 }, 
 {
  "pk": 30, 
  "model": "activities.confirmationcode", 
  "fields": {
   "code": "orie-ymvt1", 
   "is_active": 1, 
   "activity": 1
  }
 }, 
 {
  "pk": 31, 
  "model": "activities.confirmationcode", 
  "fields": {
   "code": "orie-8ck0z", 
   "is_active": 1, 
   "activity": 1
  }
 }, 
 {
  "pk": 32, 
  "model": "activities.confirmationcode", 
  "fields": {
   "code": "orie-t3yq5", 
   "is_active": 1, 
   "activity": 1
  }
 }, 
 {
  "pk": 33, 
  "model": "activities.confirmationcode", 
  "fields": {
   "code": "orie-lf78m", 
   "is_active": 1, 
   "activity": 1
  }
 }, 
 {
  "pk": 34, 
  "model": "activities.confirmationcode", 
  "fields": {
   "code": "orie-szmob", 
   "is_active": 1, 
   "activity": 1
  }
 }, 
 {
  "pk": 35, 
  "model": "activities.confirmationcode", 
  "fields": {
   "code": "orie-tv52m", 
   "is_active": 1, 
   "activity": 1
  }
 }, 
 {
  "pk": 36, 
  "model": "activities.confirmationcode", 
  "fields": {
   "code": "orie-t3yxo", 
   "is_active": 1, 
   "activity": 1
  }
 }, 
 {
  "pk": 37, 
  "model": "activities.confirmationcode", 
  "fields": {
   "code": "orie-el21s", 
   "is_active": 1, 
   "activity": 1
  }
 }, 
 {
  "pk": 38, 
  "model": "activities.confirmationcode", 
  "fields": {
   "code": "orie-r6xzo", 
   "is_active": 1, 
   "activity": 1
  }
 }, 
 {
  "pk": 39, 
  "model": "activities.confirmationcode", 
  "fields": {
   "code": "orie-f21c8", 
   "is_active": 1, 
   "activity": 1
  }
 }, 
 {
  "pk": 40, 
  "model": "activities.confirmationcode", 
  "fields": {
   "code": "orie-6o3q2", 
   "is_active": 1, 
   "activity": 1
  }
 }, 
 {
  "pk": 41, 
  "model": "activities.confirmationcode", 
  "fields": {
   "code": "orie-l18oz", 
   "is_active": 1, 
   "activity": 1
  }
 }, 
 {
  "pk": 42, 
  "model": "activities.confirmationcode", 
  "fields": {
   "code": "orie-63xlj", 
   "is_active": 1, 
   "activity": 1
  }
 }, 
 {
  "pk": 43, 
  "model": "activities.confirmationcode", 
  "fields": {
   "code": "orie-1m2au", 
   "is_active": 1, 
   "activity": 1
  }
 }, 
 {
  "pk": 44, 
  "model": "activities.confirmationcode", 
  "fields": {
   "code": "orie-zv72t", 
   "is_active": 1, 
   "activity": 1
  }
 }, 
 {
  "pk": 45, 
  "model": "activities.confirmationcode", 
  "fields": {
   "code": "orie-9xvml", 
   "is_active": 1, 
   "activity": 1
  }
 }, 
 {
  "pk": 46, 
  "model": "activities.confirmationcode", 
  "fields": {
   "code": "orie-4stwd", 
   "is_active": 1, 
   "activity": 1
  }
 }, 
 {
  "pk": 47, 
  "model": "activities.confirmationcode", 
  "fields": {
   "code": "orie-xengq", 
   "is_active": 1, 
   "activity": 1
  }
 }, 
 {
  "pk": 48, 
  "model": "activities.confirmationcode", 
  "fields": {
   "code": "orie-pkr2o", 
   "is_active": 1, 
   "activity": 1
  }
 }, 
 {
  "pk": 49, 
  "model": "activities.confirmationcode", 
  "fields": {
   "code": "orie-ey7ul", 
   "is_active": 1, 
   "activity": 1
  }
 }, 
 {
  "pk": 50, 
  "model": "activities.confirmationcode", 
  "fields": {
   "code": "orie-57zqk", 
   "is_active": 1, 
   "activity": 1
  }
 }, 
 {
  "pk": 51, 
  "model": "activities.confirmationcode", 
  "fields": {
   "code": "orie-5veyz", 
   "is_active": 1, 
   "activity": 1
  }
 }, 
 {
  "pk": 52, 
  "model": "activities.confirmationcode", 
  "fields": {
   "code": "orie-cimj3", 
   "is_active": 1, 
   "activity": 1
  }
 }, 
 {
  "pk": 53, 
  "model": "activities.confirmationcode", 
  "fields": {
   "code": "orie-d0qfm", 
   "is_active": 1, 
   "activity": 1
  }
 }, 
 {
  "pk": 54, 
  "model": "activities.confirmationcode", 
  "fields": {
   "code": "orie-har9j", 
   "is_active": 1, 
   "activity": 1
  }
 }, 
 {
  "pk": 55, 
  "model": "activities.confirmationcode", 
  "fields": {
   "code": "orie-rg89q", 
   "is_active": 1, 
   "activity": 1
  }
 }, 
 {
  "pk": 56, 
  "model": "activities.confirmationcode", 
  "fields": {
   "code": "orie-wca97", 
   "is_active": 1, 
   "activity": 1
  }
 }, 
 {
  "pk": 57, 
  "model": "activities.confirmationcode", 
  "fields": {
   "code": "orie-xbdpn", 
   "is_active": 1, 
   "activity": 1
  }
 }, 
 {
  "pk": 58, 
  "model": "activities.confirmationcode", 
  "fields": {
   "code": "orie-przgs", 
   "is_active": 1, 
   "activity": 1
  }
 }, 
 {
  "pk": 59, 
  "model": "activities.confirmationcode", 
  "fields": {
   "code": "orie-qj7r4", 
   "is_active": 1, 
   "activity": 1
  }
 }, 
 {
  "pk": 60, 
  "model": "activities.confirmationcode", 
  "fields": {
   "code": "orie-ynvcg", 
   "is_active": 1, 
   "activity": 1
  }
 }, 
 {
  "pk": 61, 
  "model": "activities.confirmationcode", 
  "fields": {
   "code": "orie-6gskr", 
   "is_active": 1, 
   "activity": 1
  }
 }, 
 {
  "pk": 62, 
  "model": "activities.confirmationcode", 
  "fields": {
   "code": "orie-x7vtz", 
   "is_active": 1, 
   "activity": 1
  }
 }, 
 {
  "pk": 63, 
  "model": "activities.confirmationcode", 
  "fields": {
   "code": "orie-6sucd", 
   "is_active": 1, 
   "activity": 1
  }
 }, 
 {
  "pk": 64, 
  "model": "activities.confirmationcode", 
  "fields": {
   "code": "orie-v3kog", 
   "is_active": 1, 
   "activity": 1
  }
 }, 
 {
  "pk": 65, 
  "model": "activities.confirmationcode", 
  "fields": {
   "code": "orie-eahvx", 
   "is_active": 1, 
   "activity": 1
  }
 }, 
 {
  "pk": 66, 
  "model": "activities.confirmationcode", 
  "fields": {
   "code": "orie-ieqyv", 
   "is_active": 1, 
   "activity": 1
  }
 }, 
 {
  "pk": 67, 
  "model": "activities.confirmationcode", 
  "fields": {
   "code": "orie-zb04d", 
   "is_active": 1, 
   "activity": 1
  }
 }, 
 {
  "pk": 68, 
  "model": "activities.confirmationcode", 
  "fields": {
   "code": "orie-tolhf", 
   "is_active": 1, 
   "activity": 1
  }
 }, 
 {
  "pk": 69, 
  "model": "activities.confirmationcode", 
  "fields": {
   "code": "orie-xlzd8", 
   "is_active": 1, 
   "activity": 1
  }
 }, 
 {
  "pk": 70, 
  "model": "activities.confirmationcode", 
  "fields": {
   "code": "orie-vyt5f", 
   "is_active": 1, 
   "activity": 1
  }
 }, 
 {
  "pk": 71, 
  "model": "activities.confirmationcode", 
  "fields": {
   "code": "orie-p5szf", 
   "is_active": 1, 
   "activity": 1
  }
 }, 
 {
  "pk": 72, 
  "model": "activities.confirmationcode", 
  "fields": {
   "code": "orie-asxok", 
   "is_active": 1, 
   "activity": 1
  }
 }, 
 {
  "pk": 73, 
  "model": "activities.confirmationcode", 
  "fields": {
   "code": "orie-ov5wi", 
   "is_active": 1, 
   "activity": 1
  }
 }, 
 {
  "pk": 74, 
  "model": "activities.confirmationcode", 
  "fields": {
   "code": "orie-dkzcp", 
   "is_active": 1, 
   "activity": 1
  }
 }, 
 {
  "pk": 75, 
  "model": "activities.confirmationcode", 
  "fields": {
   "code": "orie-16zox", 
   "is_active": 1, 
   "activity": 1
  }
 }, 
 {
  "pk": 76, 
  "model": "activities.confirmationcode", 
  "fields": {
   "code": "orie-aqdlp", 
   "is_active": 1, 
   "activity": 1
  }
 }, 
 {
  "pk": 77, 
  "model": "activities.confirmationcode", 
  "fields": {
   "code": "orie-hdf84", 
   "is_active": 1, 
   "activity": 1
  }
 }, 
 {
  "pk": 78, 
  "model": "activities.confirmationcode", 
  "fields": {
   "code": "orie-toa4h", 
   "is_active": 1, 
   "activity": 1
  }
 }, 
 {
  "pk": 79, 
  "model": "activities.confirmationcode", 
  "fields": {
   "code": "orie-oabd3", 
   "is_active": 1, 
   "activity": 1
  }
 }, 
 {
  "pk": 80, 
  "model": "activities.confirmationcode", 
  "fields": {
   "code": "orie-lj802", 
   "is_active": 1, 
   "activity": 1
  }
 }, 
 {
  "pk": 81, 
  "model": "activities.confirmationcode", 
  "fields": {
   "code": "orie-zmk1u", 
   "is_active": 1, 
   "activity": 1
  }
 }, 
 {
  "pk": 82, 
  "model": "activities.confirmationcode", 
  "fields": {
   "code": "orie-3aujl", 
   "is_active": 1, 
   "activity": 1
  }
 }, 
 {
  "pk": 83, 
  "model": "activities.confirmationcode", 
  "fields": {
   "code": "orie-z2qjv", 
   "is_active": 1, 
   "activity": 1
  }
 }, 
 {
  "pk": 84, 
  "model": "activities.confirmationcode", 
  "fields": {
   "code": "orie-pqhac", 
   "is_active": 1, 
   "activity": 1
  }
 }, 
 {
  "pk": 85, 
  "model": "activities.confirmationcode", 
  "fields": {
   "code": "orie-me7tj", 
   "is_active": 1, 
   "activity": 1
  }
 }, 
 {
  "pk": 86, 
  "model": "activities.confirmationcode", 
  "fields": {
   "code": "orie-40qfw", 
   "is_active": 1, 
   "activity": 1
  }
 }, 
 {
  "pk": 87, 
  "model": "activities.confirmationcode", 
  "fields": {
   "code": "orie-he4ut", 
   "is_active": 1, 
   "activity": 1
  }
 }, 
 {
  "pk": 88, 
  "model": "activities.confirmationcode", 
  "fields": {
   "code": "orie-6tgxc", 
   "is_active": 1, 
   "activity": 1
  }
 }, 
 {
  "pk": 89, 
  "model": "activities.confirmationcode", 
  "fields": {
   "code": "orie-f73jn", 
   "is_active": 1, 
   "activity": 1
  }
 }, 
 {
  "pk": 90, 
  "model": "activities.confirmationcode", 
  "fields": {
   "code": "orie-pxmro", 
   "is_active": 1, 
   "activity": 1
  }
 }, 
 {
  "pk": 91, 
  "model": "activities.confirmationcode", 
  "fields": {
   "code": "orie-9ju3v", 
   "is_active": 1, 
   "activity": 1
  }
 }, 
 {
  "pk": 92, 
  "model": "activities.confirmationcode", 
  "fields": {
   "code": "orie-wugqm", 
   "is_active": 1, 
   "activity": 1
  }
 }, 
 {
  "pk": 93, 
  "model": "activities.confirmationcode", 
  "fields": {
   "code": "orie-t3hxz", 
   "is_active": 1, 
   "activity": 1
  }
 }, 
 {
  "pk": 94, 
  "model": "activities.confirmationcode", 
  "fields": {
   "code": "orie-dtyga", 
   "is_active": 1, 
   "activity": 1
  }
 }, 
 {
  "pk": 95, 
  "model": "activities.confirmationcode", 
  "fields": {
   "code": "orie-5umjv", 
   "is_active": 1, 
   "activity": 1
  }
 }, 
 {
  "pk": 96, 
  "model": "activities.confirmationcode", 
  "fields": {
   "code": "orie-6h2is", 
   "is_active": 1, 
   "activity": 1
  }
 }, 
 {
  "pk": 97, 
  "model": "activities.confirmationcode", 
  "fields": {
   "code": "orie-0u8re", 
   "is_active": 1, 
   "activity": 1
  }
 }, 
 {
  "pk": 98, 
  "model": "activities.confirmationcode", 
  "fields": {
   "code": "orie-oihy4", 
   "is_active": 1, 
   "activity": 1
  }
 }, 
 {
  "pk": 99, 
  "model": "activities.confirmationcode", 
  "fields": {
   "code": "orie-ds6u2", 
   "is_active": 1, 
   "activity": 1
  }
 }, 
 {
  "pk": 100, 
  "model": "activities.confirmationcode", 
  "fields": {
   "code": "orie-nz3id", 
   "is_active": 1, 
   "activity": 1
  }
 }, 
 {
  "pk": 101, 
  "model": "activities.confirmationcode", 
  "fields": {
   "code": "atte-x4nmz", 
   "is_active": 1, 
   "activity": 3
  }
 }, 
 {
  "pk": 102, 
  "model": "activities.confirmationcode", 
  "fields": {
   "code": "atte-ryqsb", 
   "is_active": 1, 
   "activity": 3
  }
 }, 
 {
  "pk": 103, 
  "model": "activities.confirmationcode", 
  "fields": {
   "code": "atte-nlxyk", 
   "is_active": 1, 
   "activity": 3
  }
 }, 
 {
  "pk": 104, 
  "model": "activities.confirmationcode", 
  "fields": {
   "code": "atte-c7mp4", 
   "is_active": 1, 
   "activity": 3
  }
 }, 
 {
  "pk": 105, 
  "model": "activities.confirmationcode", 
  "fields": {
   "code": "atte-uvh78", 
   "is_active": 1, 
   "activity": 3
  }
 }, 
 {
  "pk": 106, 
  "model": "activities.confirmationcode", 
  "fields": {
   "code": "atte-bncq1", 
   "is_active": 1, 
   "activity": 3
  }
 }, 
 {
  "pk": 107, 
  "model": "activities.confirmationcode", 
  "fields": {
   "code": "atte-niho2", 
   "is_active": 1, 
   "activity": 3
  }
 }, 
 {
  "pk": 108, 
  "model": "activities.confirmationcode", 
  "fields": {
   "code": "atte-cqlwy", 
   "is_active": 1, 
   "activity": 3
  }
 }, 
 {
  "pk": 109, 
  "model": "activities.confirmationcode", 
  "fields": {
   "code": "atte-ocjau", 
   "is_active": 1, 
   "activity": 3
  }
 }, 
 {
  "pk": 110, 
  "model": "activities.confirmationcode", 
  "fields": {
   "code": "atte-l8zao", 
   "is_active": 1, 
   "activity": 3
  }
 }, 
 {
  "pk": 111, 
  "model": "activities.confirmationcode", 
  "fields": {
   "code": "atte-s1f9q", 
   "is_active": 1, 
   "activity": 3
  }
 }, 
 {
  "pk": 112, 
  "model": "activities.confirmationcode", 
  "fields": {
   "code": "atte-28wlr", 
   "is_active": 1, 
   "activity": 3
  }
 }, 
 {
  "pk": 113, 
  "model": "activities.confirmationcode", 
  "fields": {
   "code": "atte-wz06i", 
   "is_active": 1, 
   "activity": 3
  }
 }, 
 {
  "pk": 114, 
  "model": "activities.confirmationcode", 
  "fields": {
   "code": "atte-owvy9", 
   "is_active": 1, 
   "activity": 3
  }
 }, 
 {
  "pk": 115, 
  "model": "activities.confirmationcode", 
  "fields": {
   "code": "atte-ikudv", 
   "is_active": 1, 
   "activity": 3
  }
 }, 
 {
  "pk": 116, 
  "model": "activities.confirmationcode", 
  "fields": {
   "code": "atte-bg3kv", 
   "is_active": 1, 
   "activity": 3
  }
 }, 
 {
  "pk": 117, 
  "model": "activities.confirmationcode", 
  "fields": {
   "code": "atte-ftgry", 
   "is_active": 1, 
   "activity": 3
  }
 }, 
 {
  "pk": 118, 
  "model": "activities.confirmationcode", 
  "fields": {
   "code": "atte-zrns1", 
   "is_active": 1, 
   "activity": 3
  }
 }, 
 {
  "pk": 119, 
  "model": "activities.confirmationcode", 
  "fields": {
   "code": "atte-kvqe8", 
   "is_active": 1, 
   "activity": 3
  }
 }, 
 {
  "pk": 120, 
  "model": "activities.confirmationcode", 
  "fields": {
   "code": "atte-sel1c", 
   "is_active": 1, 
   "activity": 3
  }
 }, 
 {
  "pk": 121, 
  "model": "activities.confirmationcode", 
  "fields": {
   "code": "atte-vfitr", 
   "is_active": 1, 
   "activity": 3
  }
 }, 
 {
  "pk": 122, 
  "model": "activities.confirmationcode", 
  "fields": {
   "code": "atte-qkx6v", 
   "is_active": 1, 
   "activity": 3
  }
 }, 
 {
  "pk": 123, 
  "model": "activities.confirmationcode", 
  "fields": {
   "code": "atte-mbrne", 
   "is_active": 1, 
   "activity": 3
  }
 }, 
 {
  "pk": 124, 
  "model": "activities.confirmationcode", 
  "fields": {
   "code": "atte-2bpeh", 
   "is_active": 1, 
   "activity": 3
  }
 }, 
 {
  "pk": 125, 
  "model": "activities.confirmationcode", 
  "fields": {
   "code": "atte-ad3h8", 
   "is_active": 1, 
   "activity": 3
  }
 }, 
 {
  "pk": 126, 
  "model": "activities.confirmationcode", 
  "fields": {
   "code": "atte-0vbwc", 
   "is_active": 1, 
   "activity": 3
  }
 }, 
 {
  "pk": 127, 
  "model": "activities.confirmationcode", 
  "fields": {
   "code": "atte-iku56", 
   "is_active": 1, 
   "activity": 3
  }
 }, 
 {
  "pk": 128, 
  "model": "activities.confirmationcode", 
  "fields": {
   "code": "atte-hau2z", 
   "is_active": 1, 
   "activity": 3
  }
 }, 
 {
  "pk": 129, 
  "model": "activities.confirmationcode", 
  "fields": {
   "code": "atte-cv3pt", 
   "is_active": 1, 
   "activity": 3
  }
 }, 
 {
  "pk": 130, 
  "model": "activities.confirmationcode", 
  "fields": {
   "code": "atte-r4exu", 
   "is_active": 1, 
   "activity": 3
  }
 }, 
 {
  "pk": 131, 
  "model": "activities.confirmationcode", 
  "fields": {
   "code": "atte-th8p2", 
   "is_active": 1, 
   "activity": 3
  }
 }, 
 {
  "pk": 132, 
  "model": "activities.confirmationcode", 
  "fields": {
   "code": "atte-zng91", 
   "is_active": 1, 
   "activity": 3
  }
 }, 
 {
  "pk": 133, 
  "model": "activities.confirmationcode", 
  "fields": {
   "code": "atte-0xqjw", 
   "is_active": 1, 
   "activity": 3
  }
 }, 
 {
  "pk": 134, 
  "model": "activities.confirmationcode", 
  "fields": {
   "code": "atte-23kel", 
   "is_active": 1, 
   "activity": 3
  }
 }, 
 {
  "pk": 135, 
  "model": "activities.confirmationcode", 
  "fields": {
   "code": "atte-oyveq", 
   "is_active": 1, 
   "activity": 3
  }
 }, 
 {
  "pk": 136, 
  "model": "activities.confirmationcode", 
  "fields": {
   "code": "atte-gb9vi", 
   "is_active": 1, 
   "activity": 3
  }
 }, 
 {
  "pk": 137, 
  "model": "activities.confirmationcode", 
  "fields": {
   "code": "atte-0xswv", 
   "is_active": 1, 
   "activity": 3
  }
 }, 
 {
  "pk": 138, 
  "model": "activities.confirmationcode", 
  "fields": {
   "code": "atte-7p892", 
   "is_active": 1, 
   "activity": 3
  }
 }, 
 {
  "pk": 139, 
  "model": "activities.confirmationcode", 
  "fields": {
   "code": "atte-rjget", 
   "is_active": 1, 
   "activity": 3
  }
 }, 
 {
  "pk": 140, 
  "model": "activities.confirmationcode", 
  "fields": {
   "code": "atte-960eg", 
   "is_active": 1, 
   "activity": 3
  }
 }, 
 {
  "pk": 141, 
  "model": "activities.confirmationcode", 
  "fields": {
   "code": "atte-78yvb", 
   "is_active": 1, 
   "activity": 3
  }
 }, 
 {
  "pk": 142, 
  "model": "activities.confirmationcode", 
  "fields": {
   "code": "atte-k014p", 
   "is_active": 1, 
   "activity": 3
  }
 }, 
 {
  "pk": 143, 
  "model": "activities.confirmationcode", 
  "fields": {
   "code": "atte-ph3k5", 
   "is_active": 1, 
   "activity": 3
  }
 }, 
 {
  "pk": 144, 
  "model": "activities.confirmationcode", 
  "fields": {
   "code": "atte-yo6cu", 
   "is_active": 1, 
   "activity": 3
  }
 }, 
 {
  "pk": 145, 
  "model": "activities.confirmationcode", 
  "fields": {
   "code": "atte-ma2ul", 
   "is_active": 1, 
   "activity": 3
  }
 }, 
 {
  "pk": 146, 
  "model": "activities.confirmationcode", 
  "fields": {
   "code": "atte-mh2xw", 
   "is_active": 1, 
   "activity": 3
  }
 }, 
 {
  "pk": 147, 
  "model": "activities.confirmationcode", 
  "fields": {
   "code": "atte-3l5sw", 
   "is_active": 1, 
   "activity": 3
  }
 }, 
 {
  "pk": 148, 
  "model": "activities.confirmationcode", 
  "fields": {
   "code": "atte-0916s", 
   "is_active": 1, 
   "activity": 3
  }
 }, 
 {
  "pk": 149, 
  "model": "activities.confirmationcode", 
  "fields": {
   "code": "atte-n39wx", 
   "is_active": 1, 
   "activity": 3
  }
 }, 
 {
  "pk": 150, 
  "model": "activities.confirmationcode", 
  "fields": {
   "code": "atte-d7yuo", 
   "is_active": 1, 
   "activity": 3
  }
 }, 
 {
  "pk": 151, 
  "model": "activities.confirmationcode", 
  "fields": {
   "code": "atte-7dyhj", 
   "is_active": 1, 
   "activity": 3
  }
 }, 
 {
  "pk": 152, 
  "model": "activities.confirmationcode", 
  "fields": {
   "code": "atte-z638i", 
   "is_active": 1, 
   "activity": 3
  }
 }, 
 {
  "pk": 153, 
  "model": "activities.confirmationcode", 
  "fields": {
   "code": "atte-h2xyk", 
   "is_active": 1, 
   "activity": 3
  }
 }, 
 {
  "pk": 154, 
  "model": "activities.confirmationcode", 
  "fields": {
   "code": "atte-i2sp1", 
   "is_active": 1, 
   "activity": 3
  }
 }, 
 {
  "pk": 155, 
  "model": "activities.confirmationcode", 
  "fields": {
   "code": "atte-3il6p", 
   "is_active": 1, 
   "activity": 3
  }
 }, 
 {
  "pk": 156, 
  "model": "activities.confirmationcode", 
  "fields": {
   "code": "atte-ki3xd", 
   "is_active": 1, 
   "activity": 3
  }
 }, 
 {
  "pk": 157, 
  "model": "activities.confirmationcode", 
  "fields": {
   "code": "atte-huv0z", 
   "is_active": 1, 
   "activity": 3
  }
 }, 
 {
  "pk": 158, 
  "model": "activities.confirmationcode", 
  "fields": {
   "code": "atte-xkq4c", 
   "is_active": 1, 
   "activity": 3
  }
 }, 
 {
  "pk": 159, 
  "model": "activities.confirmationcode", 
  "fields": {
   "code": "atte-cgh4m", 
   "is_active": 1, 
   "activity": 3
  }
 }, 
 {
  "pk": 160, 
  "model": "activities.confirmationcode", 
  "fields": {
   "code": "atte-mokhz", 
   "is_active": 1, 
   "activity": 3
  }
 }, 
 {
  "pk": 161, 
  "model": "activities.confirmationcode", 
  "fields": {
   "code": "atte-6hvgq", 
   "is_active": 1, 
   "activity": 3
  }
 }, 
 {
  "pk": 162, 
  "model": "activities.confirmationcode", 
  "fields": {
   "code": "atte-268rd", 
   "is_active": 1, 
   "activity": 3
  }
 }, 
 {
  "pk": 163, 
  "model": "activities.confirmationcode", 
  "fields": {
   "code": "atte-my98a", 
   "is_active": 1, 
   "activity": 3
  }
 }, 
 {
  "pk": 164, 
  "model": "activities.confirmationcode", 
  "fields": {
   "code": "atte-u0cp9", 
   "is_active": 1, 
   "activity": 3
  }
 }, 
 {
  "pk": 165, 
  "model": "activities.confirmationcode", 
  "fields": {
   "code": "atte-3alpb", 
   "is_active": 1, 
   "activity": 3
  }
 }, 
 {
  "pk": 166, 
  "model": "activities.confirmationcode", 
  "fields": {
   "code": "atte-8hlc9", 
   "is_active": 1, 
   "activity": 3
  }
 }, 
 {
  "pk": 167, 
  "model": "activities.confirmationcode", 
  "fields": {
   "code": "atte-nmy98", 
   "is_active": 1, 
   "activity": 3
  }
 }, 
 {
  "pk": 168, 
  "model": "activities.confirmationcode", 
  "fields": {
   "code": "atte-6yxu5", 
   "is_active": 1, 
   "activity": 3
  }
 }, 
 {
  "pk": 169, 
  "model": "activities.confirmationcode", 
  "fields": {
   "code": "atte-pq9gn", 
   "is_active": 1, 
   "activity": 3
  }
 }, 
 {
  "pk": 170, 
  "model": "activities.confirmationcode", 
  "fields": {
   "code": "atte-y9wi1", 
   "is_active": 1, 
   "activity": 3
  }
 }, 
 {
  "pk": 171, 
  "model": "activities.confirmationcode", 
  "fields": {
   "code": "atte-4fdlk", 
   "is_active": 1, 
   "activity": 3
  }
 }, 
 {
  "pk": 172, 
  "model": "activities.confirmationcode", 
  "fields": {
   "code": "atte-of5v3", 
   "is_active": 1, 
   "activity": 3
  }
 }, 
 {
  "pk": 173, 
  "model": "activities.confirmationcode", 
  "fields": {
   "code": "atte-g65pc", 
   "is_active": 1, 
   "activity": 3
  }
 }, 
 {
  "pk": 174, 
  "model": "activities.confirmationcode", 
  "fields": {
   "code": "atte-0is8z", 
   "is_active": 1, 
   "activity": 3
  }
 }, 
 {
  "pk": 175, 
  "model": "activities.confirmationcode", 
  "fields": {
   "code": "atte-pe8ko", 
   "is_active": 1, 
   "activity": 3
  }
 }, 
 {
  "pk": 176, 
  "model": "activities.confirmationcode", 
  "fields": {
   "code": "atte-anwfl", 
   "is_active": 1, 
   "activity": 3
  }
 }, 
 {
  "pk": 177, 
  "model": "activities.confirmationcode", 
  "fields": {
   "code": "atte-y0gst", 
   "is_active": 1, 
   "activity": 3
  }
 }, 
 {
  "pk": 178, 
  "model": "activities.confirmationcode", 
  "fields": {
   "code": "atte-te694", 
   "is_active": 1, 
   "activity": 3
  }
 }, 
 {
  "pk": 179, 
  "model": "activities.confirmationcode", 
  "fields": {
   "code": "atte-wqac1", 
   "is_active": 1, 
   "activity": 3
  }
 }, 
 {
  "pk": 180, 
  "model": "activities.confirmationcode", 
  "fields": {
   "code": "atte-rwbnp", 
   "is_active": 1, 
   "activity": 3
  }
 }, 
 {
  "pk": 181, 
  "model": "activities.confirmationcode", 
  "fields": {
   "code": "atte-54acy", 
   "is_active": 1, 
   "activity": 3
  }
 }, 
 {
  "pk": 182, 
  "model": "activities.confirmationcode", 
  "fields": {
   "code": "atte-w7d96", 
   "is_active": 1, 
   "activity": 3
  }
 }, 
 {
  "pk": 183, 
  "model": "activities.confirmationcode", 
  "fields": {
   "code": "atte-x5tnm", 
   "is_active": 1, 
   "activity": 3
  }
 }, 
 {
  "pk": 184, 
  "model": "activities.confirmationcode", 
  "fields": {
   "code": "atte-4igrj", 
   "is_active": 1, 
   "activity": 3
  }
 }, 
 {
  "pk": 185, 
  "model": "activities.confirmationcode", 
  "fields": {
   "code": "atte-tjso0", 
   "is_active": 1, 
   "activity": 3
  }
 }, 
 {
  "pk": 186, 
  "model": "activities.confirmationcode", 
  "fields": {
   "code": "atte-j86y0", 
   "is_active": 1, 
   "activity": 3
  }
 }, 
 {
  "pk": 187, 
  "model": "activities.confirmationcode", 
  "fields": {
   "code": "atte-0jcgx", 
   "is_active": 1, 
   "activity": 3
  }
 }, 
 {
  "pk": 188, 
  "model": "activities.confirmationcode", 
  "fields": {
   "code": "atte-n7b3g", 
   "is_active": 1, 
   "activity": 3
  }
 }, 
 {
  "pk": 189, 
  "model": "activities.confirmationcode", 
  "fields": {
   "code": "atte-oc6dg", 
   "is_active": 1, 
   "activity": 3
  }
 }, 
 {
  "pk": 190, 
  "model": "activities.confirmationcode", 
  "fields": {
   "code": "atte-9s1no", 
   "is_active": 1, 
   "activity": 3
  }
 }, 
 {
  "pk": 191, 
  "model": "activities.confirmationcode", 
  "fields": {
   "code": "atte-be132", 
   "is_active": 1, 
   "activity": 3
  }
 }, 
 {
  "pk": 192, 
  "model": "activities.confirmationcode", 
  "fields": {
   "code": "atte-j1xkb", 
   "is_active": 1, 
   "activity": 3
  }
 }, 
 {
  "pk": 193, 
  "model": "activities.confirmationcode", 
  "fields": {
   "code": "atte-52wke", 
   "is_active": 1, 
   "activity": 3
  }
 }, 
 {
  "pk": 194, 
  "model": "activities.confirmationcode", 
  "fields": {
   "code": "atte-qyed0", 
   "is_active": 1, 
   "activity": 3
  }
 }, 
 {
  "pk": 195, 
  "model": "activities.confirmationcode", 
  "fields": {
   "code": "atte-rw59f", 
   "is_active": 1, 
   "activity": 3
  }
 }, 
 {
  "pk": 196, 
  "model": "activities.confirmationcode", 
  "fields": {
   "code": "atte-zmv3x", 
   "is_active": 1, 
   "activity": 3
  }
 }, 
 {
  "pk": 197, 
  "model": "activities.confirmationcode", 
  "fields": {
   "code": "atte-d0eyp", 
   "is_active": 1, 
   "activity": 3
  }
 }, 
 {
  "pk": 198, 
  "model": "activities.confirmationcode", 
  "fields": {
   "code": "atte-6mqhr", 
   "is_active": 1, 
   "activity": 3
  }
 }, 
 {
  "pk": 199, 
  "model": "activities.confirmationcode", 
  "fields": {
   "code": "atte-93wjd", 
   "is_active": 1, 
   "activity": 3
  }
 }, 
 {
  "pk": 200, 
  "model": "activities.confirmationcode", 
  "fields": {
   "code": "atte-1wqd2", 
   "is_active": 1, 
   "activity": 3
  }
 }, 
 {
  "pk": 201, 
  "model": "activities.confirmationcode", 
  "fields": {
   "code": "atte-6mnya", 
   "is_active": 1, 
   "activity": 4
  }
 }, 
 {
  "pk": 202, 
  "model": "activities.confirmationcode", 
  "fields": {
   "code": "atte-b52pw", 
   "is_active": 1, 
   "activity": 4
  }
 }, 
 {
  "pk": 203, 
  "model": "activities.confirmationcode", 
  "fields": {
   "code": "atte-ym9q2", 
   "is_active": 1, 
   "activity": 4
  }
 }, 
 {
  "pk": 204, 
  "model": "activities.confirmationcode", 
  "fields": {
   "code": "atte-opul8", 
   "is_active": 1, 
   "activity": 4
  }
 }, 
 {
  "pk": 205, 
  "model": "activities.confirmationcode", 
  "fields": {
   "code": "atte-da1uc", 
   "is_active": 1, 
   "activity": 4
  }
 }, 
 {
  "pk": 206, 
  "model": "activities.confirmationcode", 
  "fields": {
   "code": "atte-wh3rf", 
   "is_active": 1, 
   "activity": 4
  }
 }, 
 {
  "pk": 207, 
  "model": "activities.confirmationcode", 
  "fields": {
   "code": "atte-wa8lm", 
   "is_active": 1, 
   "activity": 4
  }
 }, 
 {
  "pk": 208, 
  "model": "activities.confirmationcode", 
  "fields": {
   "code": "atte-82dce", 
   "is_active": 1, 
   "activity": 4
  }
 }, 
 {
  "pk": 209, 
  "model": "activities.confirmationcode", 
  "fields": {
   "code": "atte-hudm2", 
   "is_active": 1, 
   "activity": 4
  }
 }, 
 {
  "pk": 210, 
  "model": "activities.confirmationcode", 
  "fields": {
   "code": "atte-zf3xl", 
   "is_active": 1, 
   "activity": 4
  }
 }, 
 {
  "pk": 211, 
  "model": "activities.confirmationcode", 
  "fields": {
   "code": "atte-gjdcw", 
   "is_active": 1, 
   "activity": 4
  }
 }, 
 {
  "pk": 212, 
  "model": "activities.confirmationcode", 
  "fields": {
   "code": "atte-xt9ol", 
   "is_active": 1, 
   "activity": 4
  }
 }, 
 {
  "pk": 213, 
  "model": "activities.confirmationcode", 
  "fields": {
   "code": "atte-ih80b", 
   "is_active": 1, 
   "activity": 4
  }
 }, 
 {
  "pk": 214, 
  "model": "activities.confirmationcode", 
  "fields": {
   "code": "atte-3eu8b", 
   "is_active": 1, 
   "activity": 4
  }
 }, 
 {
  "pk": 215, 
  "model": "activities.confirmationcode", 
  "fields": {
   "code": "atte-dk3my", 
   "is_active": 1, 
   "activity": 4
  }
 }, 
 {
  "pk": 216, 
  "model": "activities.confirmationcode", 
  "fields": {
   "code": "atte-jl8ax", 
   "is_active": 1, 
   "activity": 4
  }
 }, 
 {
  "pk": 217, 
  "model": "activities.confirmationcode", 
  "fields": {
   "code": "atte-rh8sq", 
   "is_active": 1, 
   "activity": 4
  }
 }, 
 {
  "pk": 218, 
  "model": "activities.confirmationcode", 
  "fields": {
   "code": "atte-7g19q", 
   "is_active": 1, 
   "activity": 4
  }
 }, 
 {
  "pk": 219, 
  "model": "activities.confirmationcode", 
  "fields": {
   "code": "atte-9rjts", 
   "is_active": 1, 
   "activity": 4
  }
 }, 
 {
  "pk": 220, 
  "model": "activities.confirmationcode", 
  "fields": {
   "code": "atte-s46iq", 
   "is_active": 1, 
   "activity": 4
  }
 }, 
 {
  "pk": 221, 
  "model": "activities.confirmationcode", 
  "fields": {
   "code": "atte-08p2i", 
   "is_active": 1, 
   "activity": 4
  }
 }, 
 {
  "pk": 222, 
  "model": "activities.confirmationcode", 
  "fields": {
   "code": "atte-yi3mo", 
   "is_active": 1, 
   "activity": 4
  }
 }, 
 {
  "pk": 223, 
  "model": "activities.confirmationcode", 
  "fields": {
   "code": "atte-ki7l4", 
   "is_active": 1, 
   "activity": 4
  }
 }, 
 {
  "pk": 224, 
  "model": "activities.confirmationcode", 
  "fields": {
   "code": "atte-h3ru0", 
   "is_active": 1, 
   "activity": 4
  }
 }, 
 {
  "pk": 225, 
  "model": "activities.confirmationcode", 
  "fields": {
   "code": "atte-jtp7b", 
   "is_active": 1, 
   "activity": 4
  }
 }, 
 {
  "pk": 226, 
  "model": "activities.confirmationcode", 
  "fields": {
   "code": "atte-y46m2", 
   "is_active": 1, 
   "activity": 4
  }
 }, 
 {
  "pk": 227, 
  "model": "activities.confirmationcode", 
  "fields": {
   "code": "atte-u5ymx", 
   "is_active": 1, 
   "activity": 4
  }
 }, 
 {
  "pk": 228, 
  "model": "activities.confirmationcode", 
  "fields": {
   "code": "atte-qvcdg", 
   "is_active": 1, 
   "activity": 4
  }
 }, 
 {
  "pk": 229, 
  "model": "activities.confirmationcode", 
  "fields": {
   "code": "atte-7tmdv", 
   "is_active": 1, 
   "activity": 4
  }
 }, 
 {
  "pk": 230, 
  "model": "activities.confirmationcode", 
  "fields": {
   "code": "atte-9zb0m", 
   "is_active": 1, 
   "activity": 4
  }
 }, 
 {
  "pk": 231, 
  "model": "activities.confirmationcode", 
  "fields": {
   "code": "atte-wdzjl", 
   "is_active": 1, 
   "activity": 4
  }
 }, 
 {
  "pk": 232, 
  "model": "activities.confirmationcode", 
  "fields": {
   "code": "atte-19rht", 
   "is_active": 1, 
   "activity": 4
  }
 }, 
 {
  "pk": 233, 
  "model": "activities.confirmationcode", 
  "fields": {
   "code": "atte-7vs3e", 
   "is_active": 1, 
   "activity": 4
  }
 }, 
 {
  "pk": 234, 
  "model": "activities.confirmationcode", 
  "fields": {
   "code": "atte-2ujf4", 
   "is_active": 1, 
   "activity": 4
  }
 }, 
 {
  "pk": 235, 
  "model": "activities.confirmationcode", 
  "fields": {
   "code": "atte-fqsez", 
   "is_active": 1, 
   "activity": 4
  }
 }, 
 {
  "pk": 236, 
  "model": "activities.confirmationcode", 
  "fields": {
   "code": "atte-rya6u", 
   "is_active": 1, 
   "activity": 4
  }
 }, 
 {
  "pk": 237, 
  "model": "activities.confirmationcode", 
  "fields": {
   "code": "atte-1la8v", 
   "is_active": 1, 
   "activity": 4
  }
 }, 
 {
  "pk": 238, 
  "model": "activities.confirmationcode", 
  "fields": {
   "code": "atte-47l6h", 
   "is_active": 1, 
   "activity": 4
  }
 }, 
 {
  "pk": 239, 
  "model": "activities.confirmationcode", 
  "fields": {
   "code": "atte-zo9tl", 
   "is_active": 1, 
   "activity": 4
  }
 }, 
 {
  "pk": 240, 
  "model": "activities.confirmationcode", 
  "fields": {
   "code": "atte-sufi1", 
   "is_active": 1, 
   "activity": 4
  }
 }, 
 {
  "pk": 241, 
  "model": "activities.confirmationcode", 
  "fields": {
   "code": "atte-3ypo5", 
   "is_active": 1, 
   "activity": 4
  }
 }, 
 {
  "pk": 242, 
  "model": "activities.confirmationcode", 
  "fields": {
   "code": "atte-s87t2", 
   "is_active": 1, 
   "activity": 4
  }
 }, 
 {
  "pk": 243, 
  "model": "activities.confirmationcode", 
  "fields": {
   "code": "atte-4vstp", 
   "is_active": 1, 
   "activity": 4
  }
 }, 
 {
  "pk": 244, 
  "model": "activities.confirmationcode", 
  "fields": {
   "code": "atte-4uic6", 
   "is_active": 1, 
   "activity": 4
  }
 }, 
 {
  "pk": 245, 
  "model": "activities.confirmationcode", 
  "fields": {
   "code": "atte-705od", 
   "is_active": 1, 
   "activity": 4
  }
 }, 
 {
  "pk": 246, 
  "model": "activities.confirmationcode", 
  "fields": {
   "code": "atte-9mhk0", 
   "is_active": 1, 
   "activity": 4
  }
 }, 
 {
  "pk": 247, 
  "model": "activities.confirmationcode", 
  "fields": {
   "code": "atte-a67to", 
   "is_active": 1, 
   "activity": 4
  }
 }, 
 {
  "pk": 248, 
  "model": "activities.confirmationcode", 
  "fields": {
   "code": "atte-emul0", 
   "is_active": 1, 
   "activity": 4
  }
 }, 
 {
  "pk": 249, 
  "model": "activities.confirmationcode", 
  "fields": {
   "code": "atte-2aphj", 
   "is_active": 1, 
   "activity": 4
  }
 }, 
 {
  "pk": 250, 
  "model": "activities.confirmationcode", 
  "fields": {
   "code": "atte-lj7vz", 
   "is_active": 1, 
   "activity": 4
  }
 }, 
 {
  "pk": 251, 
  "model": "activities.confirmationcode", 
  "fields": {
   "code": "atte-0wxjo", 
   "is_active": 1, 
   "activity": 4
  }
 }, 
 {
  "pk": 252, 
  "model": "activities.confirmationcode", 
  "fields": {
   "code": "atte-v3jzu", 
   "is_active": 1, 
   "activity": 4
  }
 }, 
 {
  "pk": 253, 
  "model": "activities.confirmationcode", 
  "fields": {
   "code": "atte-sbgc7", 
   "is_active": 1, 
   "activity": 4
  }
 }, 
 {
  "pk": 254, 
  "model": "activities.confirmationcode", 
  "fields": {
   "code": "atte-r13o2", 
   "is_active": 1, 
   "activity": 4
  }
 }, 
 {
  "pk": 255, 
  "model": "activities.confirmationcode", 
  "fields": {
   "code": "atte-93pf0", 
   "is_active": 1, 
   "activity": 4
  }
 }, 
 {
  "pk": 256, 
  "model": "activities.confirmationcode", 
  "fields": {
   "code": "atte-m5ks7", 
   "is_active": 1, 
   "activity": 4
  }
 }, 
 {
  "pk": 257, 
  "model": "activities.confirmationcode", 
  "fields": {
   "code": "atte-gwjr8", 
   "is_active": 1, 
   "activity": 4
  }
 }, 
 {
  "pk": 258, 
  "model": "activities.confirmationcode", 
  "fields": {
   "code": "atte-qazdu", 
   "is_active": 1, 
   "activity": 4
  }
 }, 
 {
  "pk": 259, 
  "model": "activities.confirmationcode", 
  "fields": {
   "code": "atte-87jmp", 
   "is_active": 1, 
   "activity": 4
  }
 }, 
 {
  "pk": 260, 
  "model": "activities.confirmationcode", 
  "fields": {
   "code": "atte-8j6eo", 
   "is_active": 1, 
   "activity": 4
  }
 }, 
 {
  "pk": 261, 
  "model": "activities.confirmationcode", 
  "fields": {
   "code": "atte-arhe6", 
   "is_active": 1, 
   "activity": 4
  }
 }, 
 {
  "pk": 262, 
  "model": "activities.confirmationcode", 
  "fields": {
   "code": "atte-96qip", 
   "is_active": 1, 
   "activity": 4
  }
 }, 
 {
  "pk": 263, 
  "model": "activities.confirmationcode", 
  "fields": {
   "code": "atte-bo3ji", 
   "is_active": 1, 
   "activity": 4
  }
 }, 
 {
  "pk": 264, 
  "model": "activities.confirmationcode", 
  "fields": {
   "code": "atte-b1hmw", 
   "is_active": 1, 
   "activity": 4
  }
 }, 
 {
  "pk": 265, 
  "model": "activities.confirmationcode", 
  "fields": {
   "code": "atte-jlfy1", 
   "is_active": 1, 
   "activity": 4
  }
 }, 
 {
  "pk": 266, 
  "model": "activities.confirmationcode", 
  "fields": {
   "code": "atte-doels", 
   "is_active": 1, 
   "activity": 4
  }
 }, 
 {
  "pk": 267, 
  "model": "activities.confirmationcode", 
  "fields": {
   "code": "atte-vcmjp", 
   "is_active": 1, 
   "activity": 4
  }
 }, 
 {
  "pk": 268, 
  "model": "activities.confirmationcode", 
  "fields": {
   "code": "atte-hm0ud", 
   "is_active": 1, 
   "activity": 4
  }
 }, 
 {
  "pk": 269, 
  "model": "activities.confirmationcode", 
  "fields": {
   "code": "atte-t4vrx", 
   "is_active": 1, 
   "activity": 4
  }
 }, 
 {
  "pk": 270, 
  "model": "activities.confirmationcode", 
  "fields": {
   "code": "atte-w3tok", 
   "is_active": 1, 
   "activity": 4
  }
 }, 
 {
  "pk": 271, 
  "model": "activities.confirmationcode", 
  "fields": {
   "code": "atte-pklhi", 
   "is_active": 1, 
   "activity": 4
  }
 }, 
 {
  "pk": 272, 
  "model": "activities.confirmationcode", 
  "fields": {
   "code": "atte-029dk", 
   "is_active": 1, 
   "activity": 4
  }
 }, 
 {
  "pk": 273, 
  "model": "activities.confirmationcode", 
  "fields": {
   "code": "atte-ewf5l", 
   "is_active": 1, 
   "activity": 4
  }
 }, 
 {
  "pk": 274, 
  "model": "activities.confirmationcode", 
  "fields": {
   "code": "atte-xv1z8", 
   "is_active": 1, 
   "activity": 4
  }
 }, 
 {
  "pk": 275, 
  "model": "activities.confirmationcode", 
  "fields": {
   "code": "atte-dryqx", 
   "is_active": 1, 
   "activity": 4
  }
 }, 
 {
  "pk": 276, 
  "model": "activities.confirmationcode", 
  "fields": {
   "code": "atte-8yqbl", 
   "is_active": 1, 
   "activity": 4
  }
 }, 
 {
  "pk": 277, 
  "model": "activities.confirmationcode", 
  "fields": {
   "code": "atte-1nmkx", 
   "is_active": 1, 
   "activity": 4
  }
 }, 
 {
  "pk": 278, 
  "model": "activities.confirmationcode", 
  "fields": {
   "code": "atte-s5jy6", 
   "is_active": 1, 
   "activity": 4
  }
 }, 
 {
  "pk": 279, 
  "model": "activities.confirmationcode", 
  "fields": {
   "code": "atte-uo72x", 
   "is_active": 1, 
   "activity": 4
  }
 }, 
 {
  "pk": 280, 
  "model": "activities.confirmationcode", 
  "fields": {
   "code": "atte-yr2db", 
   "is_active": 1, 
   "activity": 4
  }
 }, 
 {
  "pk": 281, 
  "model": "activities.confirmationcode", 
  "fields": {
   "code": "atte-ezso2", 
   "is_active": 1, 
   "activity": 4
  }
 }, 
 {
  "pk": 282, 
  "model": "activities.confirmationcode", 
  "fields": {
   "code": "atte-fkczr", 
   "is_active": 1, 
   "activity": 4
  }
 }, 
 {
  "pk": 283, 
  "model": "activities.confirmationcode", 
  "fields": {
   "code": "atte-wmyht", 
   "is_active": 1, 
   "activity": 4
  }
 }, 
 {
  "pk": 284, 
  "model": "activities.confirmationcode", 
  "fields": {
   "code": "atte-i6mw4", 
   "is_active": 1, 
   "activity": 4
  }
 }, 
 {
  "pk": 285, 
  "model": "activities.confirmationcode", 
  "fields": {
   "code": "atte-zcdpk", 
   "is_active": 1, 
   "activity": 4
  }
 }, 
 {
  "pk": 286, 
  "model": "activities.confirmationcode", 
  "fields": {
   "code": "atte-v845r", 
   "is_active": 1, 
   "activity": 4
  }
 }, 
 {
  "pk": 287, 
  "model": "activities.confirmationcode", 
  "fields": {
   "code": "atte-yro4t", 
   "is_active": 1, 
   "activity": 4
  }
 }, 
 {
  "pk": 288, 
  "model": "activities.confirmationcode", 
  "fields": {
   "code": "atte-iazl6", 
   "is_active": 1, 
   "activity": 4
  }
 }, 
 {
  "pk": 289, 
  "model": "activities.confirmationcode", 
  "fields": {
   "code": "atte-tbfo8", 
   "is_active": 1, 
   "activity": 4
  }
 }, 
 {
  "pk": 290, 
  "model": "activities.confirmationcode", 
  "fields": {
   "code": "atte-odzmu", 
   "is_active": 1, 
   "activity": 4
  }
 }, 
 {
  "pk": 291, 
  "model": "activities.confirmationcode", 
  "fields": {
   "code": "atte-khcpe", 
   "is_active": 1, 
   "activity": 4
  }
 }, 
 {
  "pk": 292, 
  "model": "activities.confirmationcode", 
  "fields": {
   "code": "atte-u9hek", 
   "is_active": 1, 
   "activity": 4
  }
 }, 
 {
  "pk": 293, 
  "model": "activities.confirmationcode", 
  "fields": {
   "code": "atte-q49u2", 
   "is_active": 1, 
   "activity": 4
  }
 }, 
 {
  "pk": 294, 
  "model": "activities.confirmationcode", 
  "fields": {
   "code": "atte-2dme6", 
   "is_active": 1, 
   "activity": 4
  }
 }, 
 {
  "pk": 295, 
  "model": "activities.confirmationcode", 
  "fields": {
   "code": "atte-6hm2z", 
   "is_active": 1, 
   "activity": 4
  }
 }, 
 {
  "pk": 296, 
  "model": "activities.confirmationcode", 
  "fields": {
   "code": "atte-md5l3", 
   "is_active": 1, 
   "activity": 4
  }
 }, 
 {
  "pk": 297, 
  "model": "activities.confirmationcode", 
  "fields": {
   "code": "atte-1qruz", 
   "is_active": 1, 
   "activity": 4
  }
 }, 
 {
  "pk": 298, 
  "model": "activities.confirmationcode", 
  "fields": {
   "code": "atte-xq54p", 
   "is_active": 1, 
   "activity": 4
  }
 }, 
 {
  "pk": 299, 
  "model": "activities.confirmationcode", 
  "fields": {
   "code": "atte-nlvs4", 
   "is_active": 1, 
   "activity": 4
  }
 }, 
 {
  "pk": 300, 
  "model": "activities.confirmationcode", 
  "fields": {
   "code": "atte-e5xaj", 
   "is_active": 1, 
   "activity": 4
  }
 }, 
 {
  "pk": 1, 
  "model": "activities.activity", 
  "fields": {
   "description": "What: Learn about the competition and the cool prizes you can win\r\nWhen: September 30, 2010 7:00pm\r\nWhere: Roof lounge", 
   "title": "Kukui Cup Orientation", 
   "created_at": "2010-05-12 12:14:09", 
   "confirm_type": "code", 
   "updated_at": "2010-05-12 12:16:46", 
   "confirm_prompt": "Enter the confirmation code from the meeting.", 
   "point_value": 10, 
   "expire_date": "2010-12-31", 
   "duration": 60, 
   "event_date": "2010-09-30 19:00:00", 
   "pub_date": "2010-05-12", 
   "is_event": 1
  }
 }, 
 {
  "pk": 2, 
  "model": "activities.activity", 
  "fields": {
   "description": "Watch episode 1 of \"Be Energy Akamai!\"", 
   "title": "Watch \"Be Energy Akamai!, Episode 1\"", 
   "created_at": "2010-05-12 12:19:20", 
   "confirm_type": "text", 
   "updated_at": "2010-05-12 12:19:20", 
   "confirm_prompt": "", 
   "point_value": 10, 
   "expire_date": "2010-12-31", 
   "duration": 10, 
   "event_date": null, 
   "pub_date": "2010-05-12", 
   "is_event": 0
  }
 }, 
 {
  "pk": 3, 
  "model": "activities.activity", 
  "fields": {
   "description": "Attend the Blue Planet Foundation meeting.", 
   "title": "Attend Blue Planet Foundation Meeting", 
   "created_at": "2010-05-12 12:22:41", 
   "confirm_type": "code", 
   "updated_at": "2010-05-12 12:22:41", 
   "confirm_prompt": "Enter the ticket code provided at the meeting.", 
   "point_value": 5, 
   "expire_date": "2010-12-31", 
   "duration": 120, 
   "event_date": "2010-05-19 19:00:00", 
   "pub_date": "2010-05-12", 
   "is_event": 1
  }
 }, 
 {
  "pk": 4, 
  "model": "activities.activity", 
  "fields": {
   "description": "Attend the Energy Pong Competition.", 
   "title": "Attend the Energy Pong Competition", 
   "created_at": "2010-05-12 12:23:51", 
   "confirm_type": "code", 
   "updated_at": "2010-05-12 12:23:51", 
   "confirm_prompt": "Enter ticket code provided at meeting.", 
   "point_value": 10, 
   "expire_date": "2010-12-31", 
   "duration": 5, 
   "event_date": "2010-05-14 19:00:00", 
   "pub_date": "2010-05-12", 
   "is_event": 1
  }
 }, 
 {
  "pk": 5, 
  "model": "activities.activity", 
  "fields": {
   "description": "Replace an incandescent bulb with a CFL.  Take a picture of yourself holding both bulbs.", 
   "title": "Replace an incandescent with a CFL", 
   "created_at": "2010-05-12 12:25:23", 
   "confirm_type": "image", 
   "updated_at": "2010-05-12 12:25:23", 
   "confirm_prompt": "Upload a photo of you holding the incandescent and the CFL you replaced it with.", 
   "point_value": 10, 
   "expire_date": "2010-12-31", 
   "duration": 5, 
   "event_date": null, 
   "pub_date": "2010-05-12", 
   "is_event": 0
  }
 }, 
 {
  "pk": 9, 
  "model": "kukui_cup_base.article", 
  "fields": {
   "title": "35TH IEEE PHOTOVOLTAIC SPECIALISTS CONFERENCE", 
   "created_at": "2010-05-26 14:42:19", 
   "updated_at": "2010-05-26 14:43:58", 
   "slug": "35th-ieee-photovoltaic-specialists-conference", 
   "content": "Come see the exhibits displaying technology that spans the solar cell industry, and don\u2019t miss the HIGH SCHOOL PHOTOVOLTAIC DESIGN COMPETITION DEMONSTRATION! High school students will be displaying practical applications of photovoltaics to power their projects.\r\n\r\nThe following schools are competing: Honoka\u2019a High School, Farrington High and McKinley High\r\n\r\nSponsored by:\r\n\r\nThe Institute of Electrical and Electronics Engineers (IEEE) /\r\n\r\nElectron Devices Society / IEEE Photonics Society / Solar Energy\r\n\r\nIndustries Association", 
   "abstract": "35TH IEEE PHOTOVOLTAIC SPECIALISTS CONFERENCE\r\n\r\nInvites you to join us for\r\nPUBLIC DAY in the Exhibition Hall\r\n\r\nJune 22, 2010 1:30 PM \u2013 5:00 PM\r\n\r\nHawaii Convention Center"
  }
 }, 
 {
  "pk": 8, 
  "model": "kukui_cup_base.article", 
  "fields": {
   "title": "Hawaii Clean Energy Day 2010", 
   "created_at": "2010-05-26 14:41:16", 
   "updated_at": "2010-05-26 14:44:07", 
   "slug": "hawaii-clean-energy-day-2010", 
   "content": "The Hawai\u2018i Energy Policy Forum and our partners will be hosting an afternoon of local speakers and panels, followed by a pau hana networking session, to inspire vigorous discussion on the next steps Hawai\u2018i needs to take to achieve our clean energy objectives.\r\n\r\nAll are welcome!", 
   "abstract": "Friday, June 4, 2010\r\n\r\n1:00 p.m. to 6:00 p.m.\r\n\r\nLaniakea YWCA, 1040 Richards Street in Honolulu\r\n\r\nRegistration fee: $25 (includes pupu & drinks)"
  }
 }, 
 {
  "pk": 1, 
  "model": "django_generic_flatblocks.genericflatblock", 
  "fields": {
   "slug": "website_header", 
   "content_type": 41, 
   "object_id": 1
  }
 }, 
 {
  "pk": 2, 
  "model": "django_generic_flatblocks.genericflatblock", 
  "fields": {
   "slug": "website_image", 
   "content_type": 43, 
   "object_id": 1
  }
 }, 
 {
  "pk": 3, 
  "model": "django_generic_flatblocks.genericflatblock", 
  "fields": {
   "slug": "homepage_content_1", 
   "content_type": 44, 
   "object_id": 1
  }
 }, 
 {
  "pk": 4, 
  "model": "django_generic_flatblocks.genericflatblock", 
  "fields": {
   "slug": "homepage_content_2", 
   "content_type": 44, 
   "object_id": 2
  }
 }, 
 {
  "pk": 7, 
  "model": "django_generic_flatblocks.genericflatblock", 
  "fields": {
   "slug": "homepage_content_5", 
   "content_type": 44, 
   "object_id": 5
  }
 }, 
 {
  "pk": 9, 
  "model": "django_generic_flatblocks.genericflatblock", 
  "fields": {
   "slug": "website_footer", 
   "content_type": 42, 
   "object_id": 1
  }
 }, 
 {
  "pk": 10, 
  "model": "django_generic_flatblocks.genericflatblock", 
  "fields": {
   "slug": "resources_content_1", 
   "content_type": 44, 
   "object_id": 7
  }
 }, 
 {
  "pk": 46, 
  "model": "django_generic_flatblocks.genericflatblock", 
  "fields": {
   "slug": "about_content_3", 
   "content_type": 44, 
   "object_id": 35
  }
 }, 
 {
  "pk": 12, 
  "model": "django_generic_flatblocks.genericflatblock", 
  "fields": {
   "slug": "resources_content_3", 
   "content_type": 42, 
   "object_id": 2
  }
 }, 
 {
  "pk": 13, 
  "model": "django_generic_flatblocks.genericflatblock", 
  "fields": {
   "slug": "resources_content_4", 
   "content_type": 44, 
   "object_id": 9
  }
 }, 
 {
  "pk": 14, 
  "model": "django_generic_flatblocks.genericflatblock", 
  "fields": {
   "slug": "resources_content_5", 
   "content_type": 44, 
   "object_id": 10
  }
 }, 
 {
  "pk": 15, 
  "model": "django_generic_flatblocks.genericflatblock", 
  "fields": {
   "slug": "energy_hawaii", 
   "content_type": 44, 
   "object_id": 11
  }
 }, 
 {
  "pk": 16, 
  "model": "django_generic_flatblocks.genericflatblock", 
  "fields": {
   "slug": "energy_news", 
   "content_type": 44, 
   "object_id": 12
  }
 }, 
 {
  "pk": 17, 
  "model": "django_generic_flatblocks.genericflatblock", 
  "fields": {
   "slug": "energy_involved", 
   "content_type": 44, 
   "object_id": 13
  }
 }, 
 {
  "pk": 18, 
  "model": "django_generic_flatblocks.genericflatblock", 
  "fields": {
   "slug": "have_fun_test", 
   "content_type": 44, 
   "object_id": 14
  }
 }, 
 {
  "pk": 19, 
  "model": "django_generic_flatblocks.genericflatblock", 
  "fields": {
   "slug": "energy_real_time", 
   "content_type": 44, 
   "object_id": 15
  }
 }, 
 {
  "pk": 20, 
  "model": "django_generic_flatblocks.genericflatblock", 
  "fields": {
   "slug": "energy_hour", 
   "content_type": 44, 
   "object_id": 16
  }
 }, 
 {
  "pk": 21, 
  "model": "django_generic_flatblocks.genericflatblock", 
  "fields": {
   "slug": "energy_day", 
   "content_type": 44, 
   "object_id": 17
  }
 }, 
 {
  "pk": 22, 
  "model": "django_generic_flatblocks.genericflatblock", 
  "fields": {
   "slug": "energy_week", 
   "content_type": 44, 
   "object_id": 18
  }
 }, 
 {
  "pk": 23, 
  "model": "django_generic_flatblocks.genericflatblock", 
  "fields": {
   "slug": "energy_month", 
   "content_type": 44, 
   "object_id": 19
  }
 }, 
 {
  "pk": 24, 
  "model": "django_generic_flatblocks.genericflatblock", 
  "fields": {
   "slug": "competition_header", 
   "content_type": 42, 
   "object_id": 3
  }
 }, 
 {
  "pk": 25, 
  "model": "django_generic_flatblocks.genericflatblock", 
  "fields": {
   "slug": "competition_content_1", 
   "content_type": 44, 
   "object_id": 20
  }
 }, 
 {
  "pk": 26, 
  "model": "django_generic_flatblocks.genericflatblock", 
  "fields": {
   "slug": "competition_content_2", 
   "content_type": 44, 
   "object_id": 21
  }
 }, 
 {
  "pk": 27, 
  "model": "django_generic_flatblocks.genericflatblock", 
  "fields": {
   "slug": "competition_content_3", 
   "content_type": 43, 
   "object_id": 2
  }
 }, 
 {
  "pk": 28, 
  "model": "django_generic_flatblocks.genericflatblock", 
  "fields": {
   "slug": "competition_content_4", 
   "content_type": 44, 
   "object_id": 22
  }
 }, 
 {
  "pk": 34, 
  "model": "django_generic_flatblocks.genericflatblock", 
  "fields": {
   "slug": "about_content_1", 
   "content_type": 44, 
   "object_id": 23
  }
 }, 
 {
  "pk": 35, 
  "model": "django_generic_flatblocks.genericflatblock", 
  "fields": {
   "slug": "about_content_2", 
   "content_type": 44, 
   "object_id": 24
  }
 }, 
 {
  "pk": 36, 
  "model": "django_generic_flatblocks.genericflatblock", 
  "fields": {
   "slug": "homepage_content_3", 
   "content_type": 44, 
   "object_id": 25
  }
 }, 
 {
  "pk": 37, 
  "model": "django_generic_flatblocks.genericflatblock", 
  "fields": {
   "slug": "homepage_content_4", 
   "content_type": 44, 
   "object_id": 26
  }
 }, 
 {
  "pk": 43, 
  "model": "django_generic_flatblocks.genericflatblock", 
  "fields": {
   "slug": "resources_content_6", 
   "content_type": 44, 
   "object_id": 32
  }
 }, 
 {
  "pk": 44, 
  "model": "django_generic_flatblocks.genericflatblock", 
  "fields": {
   "slug": "homepage_content_6", 
   "content_type": 44, 
   "object_id": 33
  }
 }, 
 {
  "pk": 45, 
  "model": "django_generic_flatblocks.genericflatblock", 
  "fields": {
   "slug": "resources_content_2", 
   "content_type": 44, 
   "object_id": 34
  }
 }, 
 {
  "pk": 47, 
  "model": "django_generic_flatblocks.genericflatblock", 
  "fields": {
   "slug": "about_content_4", 
   "content_type": 44, 
   "object_id": 36
  }
 }, 
 {
  "pk": 48, 
  "model": "django_generic_flatblocks.genericflatblock", 
  "fields": {
   "slug": "about_content_5", 
   "content_type": 44, 
   "object_id": 37
  }
 }, 
 {
  "pk": 49, 
  "model": "django_generic_flatblocks.genericflatblock", 
  "fields": {
   "slug": "about_content_6", 
   "content_type": 44, 
   "object_id": 38
  }
 }, 
 {
  "pk": 50, 
  "model": "django_generic_flatblocks.genericflatblock", 
  "fields": {
   "slug": "competition_content_5", 
   "content_type": 44, 
   "object_id": 39
  }
 }, 
 {
  "pk": 51, 
  "model": "django_generic_flatblocks.genericflatblock", 
  "fields": {
   "slug": "competition_content_6", 
   "content_type": 44, 
   "object_id": 40
  }
 }, 
 {
  "pk": 1, 
  "model": "gblocks.title", 
  "fields": {
   "title": "University of Hawaii at Manoa Dorm Energy"
  }
 }, 
 {
  "pk": 1, 
  "model": "gblocks.text", 
  "fields": {
   "text": "Designed at the University of Hawaii at Manoa Information and Computer Sciences Department."
  }
 }, 
 {
  "pk": 2, 
  "model": "gblocks.text", 
  "fields": {
   "text": "<object width=\"425\" height=\"344\"><param name=\"movie\" value=\"http://www.youtube.com/v/vnPaLewMaAA&hl=en_US&fs=1&\"></param><param name=\"allowFullScreen\" value=\"true\"></param><param name=\"allowscriptaccess\" value=\"always\"></param><embed src=\"http://www.youtube.com/v/vnPaLewMaAA&hl=en_US&fs=1&\" type=\"application/x-shockwave-flash\" allowscriptaccess=\"always\" allowfullscreen=\"true\" width=\"425\" height=\"344\"></embed></object>"
  }
 }, 
 {
  "pk": 3, 
  "model": "gblocks.text", 
  "fields": {
   "text": "<h3>Aloha! The Kukui Cup Competition will begin on Monday, October, 4th.</h3>"
  }
 }, 
 {
  "pk": 5, 
  "model": "gblocks.text", 
  "fields": {
   "text": "Energy Tip: Turn off the lights when you leave the room."
  }
 }, 
 {
  "pk": 1, 
  "model": "gblocks.image", 
  "fields": {
   "image": ""
  }
 }, 
 {
  "pk": 2, 
  "model": "gblocks.image", 
  "fields": {
   "image": "gblocks/Screen_shot_2010-02-22_at_2-22-10_4.50.03_PM_.png"
  }
 }, 
 {
  "pk": 1, 
  "model": "gblocks.titleandtext", 
  "fields": {
   "text": "Energy Tip: Turn off your lights when you leave the room.", 
   "title": ""
  }
 }, 
 {
  "pk": 2, 
  "model": "gblocks.titleandtext", 
  "fields": {
   "text": "<object width=\"320\" height=\"240\"><param name=\"movie\" value=\"http://www.youtube.com/v/vnPaLewMaAA&hl=en_US&fs=1&\"></param><param name=\"allowFullScreen\" value=\"true\"></param><param name=\"allowscriptaccess\" value=\"always\"></param><embed src=\"http://www.youtube.com/v/vnPaLewMaAA&hl=en_US&fs=1&\" type=\"application/x-shockwave-flash\" allowscriptaccess=\"always\" allowfullscreen=\"true\" width=\"320\" height=\"240\"></embed></object>", 
   "title": "Featured Video"
  }
 }, 
 {
  "pk": 3, 
  "model": "gblocks.titleandtext", 
  "fields": {
   "text": "<img src=\"http://chart.apis.google.com/chart?cht=bvg&chs=250x150&chd=t:75,67&chxt=x&chxl=0:|Frear+Hall|Johnson+Hall|&chbh=25,20,50\"/><br/>\r\nCurrently, Frear Hall is in the lead!", 
   "title": "Featured News"
  }
 }, 
 {
  "pk": 5, 
  "model": "gblocks.titleandtext", 
  "fields": {
   "text": "This website provides resources to support energy literacy in the UH dormitories.  Energy literacy involves knowledge, attitudes, and behaviors.", 
   "title": "About UH Dorm Energy Resources"
  }
 }, 
 {
  "pk": 7, 
  "model": "gblocks.titleandtext", 
  "fields": {
   "text": "Wondering what a Dorm-Energy Competition is all about? Watch and read about this innovative idea.", 
   "title": "Dorm Energy Competition"
  }
 }, 
 {
  "pk": 8, 
  "model": "gblocks.titleandtext", 
  "fields": {
   "text": "The purpose of a Dorm Energy competition is to promote the importance of energy conservation with students residing in dorms, engaging them in an environmentally minded competition which is held between dorms.  The competition is to educate students on simple things they can do to conserve energy while increasing their energy literacy.\r\n\r\n<a href=\"http://code.google.com/p/uh-dorm-energy-competition/\">UH Dorm Energy Competition site</a>", 
   "title": "What is it?"
  }
 }, 
 {
  "pk": 9, 
  "model": "gblocks.titleandtext", 
  "fields": {
   "text": "Get helpful information for starting your own Dorm Energy Competition from students at Duke University.", 
   "title": "Start your own!"
  }
 }, 
 {
  "pk": 10, 
  "model": "gblocks.titleandtext", 
  "fields": {
   "text": "* Harvard - Green Cup\r\n* Oberlin College - Dorm Energy Competition\r\n* University of Iowa - Sturrier Challenege\r\n* Yale University - Green Cup\r\n* Duke University - Ecolympics", 
   "title": "Schools Engaging in Dorm Energy"
  }
 }, 
 {
  "pk": 11, 
  "model": "gblocks.titleandtext", 
  "fields": {
   "text": "Since Hawaii is isolated from the U.S. mainland, its energy infrastructure and consumption is very unique among the rest of the United States.  Hawaii depends heavily on fossil fuels in order to meet its energy demands.  Since the state of Hawaii are fairly new islands that are situated in the most farthest reaches of the rest of the world, Hawaii geological structure is not capable of producing its own forms of fossil fuels.  Therefore, imported petroleum from Alaska and other foreign countries contribute to 90% of our energy production.", 
   "title": "Energy in Hawaii"
  }
 }, 
 {
  "pk": 12, 
  "model": "gblocks.titleandtext", 
  "fields": {
   "text": "* Hawaii Energy Issues getting their share of attention in the New Year\r\n* Clean energy is our clear goal\r\n* Hawaiian Electric finds biodiesel supplier for new plant", 
   "title": "Clean Energy News"
  }
 }, 
 {
  "pk": 13, 
  "model": "gblocks.titleandtext", 
  "fields": {
   "text": "* Make a commitment! - Kanu Hawaii\r\n* Clean Energy Idea - Blue Planet Foundation\r\n* Learn More! - UH Sustainable Saunders\r\n\r\nmore", 
   "title": "Get Involved With the Community!"
  }
 }, 
 {
  "pk": 14, 
  "model": "gblocks.titleandtext", 
  "fields": {
   "text": "Games!", 
   "title": "Test Your Energy Literacy"
  }
 }, 
 {
  "pk": 15, 
  "model": "gblocks.titleandtext", 
  "fields": {
   "text": "", 
   "title": "Real Time Energy Data"
  }
 }, 
 {
  "pk": 16, 
  "model": "gblocks.titleandtext", 
  "fields": {
   "text": "", 
   "title": "Hourly Energy Data"
  }
 }, 
 {
  "pk": 17, 
  "model": "gblocks.titleandtext", 
  "fields": {
   "text": "", 
   "title": "Daily Energy Data"
  }
 }, 
 {
  "pk": 18, 
  "model": "gblocks.titleandtext", 
  "fields": {
   "text": "", 
   "title": "Weekly Energy Data"
  }
 }, 
 {
  "pk": 19, 
  "model": "gblocks.titleandtext", 
  "fields": {
   "text": "", 
   "title": "Monthly Energy Data"
  }
 }, 
 {
  "pk": 20, 
  "model": "gblocks.titleandtext", 
  "fields": {
   "text": "The Kukui Cup is a competition devoted to raising energy literacy in the freshmen dorms.  Literacy is raised through various activities, events, as well as resources such as videos or articles.  Additionally the Kukui Cup is a competition between the dorms as well as individuals to see who and which dorm can save the most energy.", 
   "title": "What is the Kukui Cup?"
  }
 }, 
 {
  "pk": 21, 
  "model": "gblocks.titleandtext", 
  "fields": {
   "text": "As an individual you will have the chance to win an Apple iPod Nano through various energy saving actions that you complete.  Apart from the individual, each floor has a chance to win a TV for their lounge.  Also weekly prizes will be given to those who earn the most Kukui Nuts.", 
   "title": "Why should you compete?"
  }
 }, 
 {
  "pk": 22, 
  "model": "gblocks.titleandtext", 
  "fields": {
   "text": "As Individuals:\r\n\r\n* Win Kukui Nuts by performing energy saving actions and attending events.\r\n\r\nAs a dorm floor/dorm:\r\n\r\n* Come together as a floor and a dorm to save as much energy as you can to win over other towers.", 
   "title": "How to compete?"
  }
 }, 
 {
  "pk": 23, 
  "model": "gblocks.titleandtext", 
  "fields": {
   "text": "This website provides resources to support energy literacy in the UH dormitories.  Energy literacy involves knowledge, attitudes, and behaviors.  We believe that by providing resources for learning, we can improve the literacy of students.", 
   "title": "About the Manoa Dorm Energy Website"
  }
 }, 
 {
  "pk": 24, 
  "model": "gblocks.titleandtext", 
  "fields": {
   "text": "The Kukui Cup is a dorm energy competition aimed at reducing the electricity used in the dorms and improving the energy literacy of the students.  The next Kukui Cup will be held between October 4th, 2010 and November 1st, 2010 and the two dorms competing will be Hale Aloha Lehua and Hale Aloha Mokihana.\r\n\r\nThe winners will be decided in two ways:\r\n\r\n* Energy Reduction (Team): The dorm that reduces the most energy.\r\n* Kukui Nuts (Individual): Earn Kukui Nuts (points) by committing to energy saving practices or attending energy themed events.\r\n\r\nThe prizes are:\r\n\r\n* 1st Place Dorm (Energy Reduction): Pizza party\r\n* 1st Place Individual (Kukui Nuts): iPod Nano 8GB\r\n* 1st Place Floor (Kukui Nuts): TV for the lounge\r\n* Weekly Individual (Kukui Nuts): $10 Jamba Juice gift card", 
   "title": "About the Kukui Cup Competition"
  }
 }, 
 {
  "pk": 25, 
  "model": "gblocks.titleandtext", 
  "fields": {
   "text": "<div id=\"sourcediv\" align=\"center\"></div>\r\n    <div id=\"chartdiv\" align=\"center\"></div>\r\n    <div id=\"data_displayed_div\" align=\"center\"></div>\r\n    <div id=\"lastcheckdiv\" align=\"center\"></div>\r\n\r\n<script type=\"text/javascript\" src=\"site_media/static/js/gauge.js\"></script>", 
   "title": "Energy Gauge"
  }
 }, 
 {
  "pk": 26, 
  "model": "gblocks.titleandtext", 
  "fields": {
   "text": "<div id=\"dorm_chart_div\"></div>\r\n\r\n<script type=\"text/javascript\" src=\"site_media/static/js/chart.js\"></script>", 
   "title": "Standings"
  }
 }, 
 {
  "pk": 27, 
  "model": "gblocks.titleandtext", 
  "fields": {
   "text": "", 
   "title": ""
  }
 }, 
 {
  "pk": 28, 
  "model": "gblocks.titleandtext", 
  "fields": {
   "text": "", 
   "title": ""
  }
 }, 
 {
  "pk": 29, 
  "model": "gblocks.titleandtext", 
  "fields": {
   "text": "", 
   "title": ""
  }
 }, 
 {
  "pk": 31, 
  "model": "gblocks.titleandtext", 
  "fields": {
   "text": "", 
   "title": ""
  }
 }, 
 {
  "pk": 32, 
  "model": "gblocks.titleandtext", 
  "fields": {
   "text": "", 
   "title": ""
  }
 }, 
 {
  "pk": 33, 
  "model": "gblocks.titleandtext", 
  "fields": {
   "text": "", 
   "title": ""
  }
 }, 
 {
  "pk": 34, 
  "model": "gblocks.titleandtext", 
  "fields": {
   "text": "The purpose of a Dorm Energy competition is to promote the importance of energy conservation with students residing in dorms, engaging them in an environmentally minded competition which is held between dorms.  The competition is to educate students on simple things they can do to conserve energy while increasing their energy literacy.\r\n\r\n<a href=\"http://code.google.com/p/uh-dorm-energy-competition/\">UH Dorm Energy Competition site</a>\r\n", 
   "title": "What is it?"
  }
 }, 
 {
  "pk": 35, 
  "model": "gblocks.titleandtext", 
  "fields": {
   "text": "", 
   "title": ""
  }
 }, 
 {
  "pk": 36, 
  "model": "gblocks.titleandtext", 
  "fields": {
   "text": "", 
   "title": ""
  }
 }, 
 {
  "pk": 37, 
  "model": "gblocks.titleandtext", 
  "fields": {
   "text": "", 
   "title": ""
  }
 }, 
 {
  "pk": 38, 
  "model": "gblocks.titleandtext", 
  "fields": {
   "text": "", 
   "title": ""
  }
 }, 
 {
  "pk": 39, 
  "model": "gblocks.titleandtext", 
  "fields": {
   "text": "", 
   "title": ""
  }
 }, 
 {
  "pk": 40, 
  "model": "gblocks.titleandtext", 
  "fields": {
   "text": "", 
   "title": ""
  }
 }
]
