[
  {
    "pk": 1, 
    "model": "auth.user", 
    "fields": {
      "username": "gelee", 
      "first_name": "George", 
      "last_name": "Lee", 
      "is_active": true, 
      "is_superuser": true, 
      "is_staff": true, 
      "last_login": "2011-09-12 16:47:35", 
      "groups": [], 
      "user_permissions": [], 
      "password": "sha1$252df$29ff8338812242b88a660148a6970aa286c4b4e0", 
      "email": "gelee@hawaii.edu", 
      "date_joined": "2010-06-24 22:01:32"
    }
  }, 
  {
    "pk": 2, 
    "model": "auth.user", 
    "fields": {
      "username": "johnson", 
      "first_name": "Philip", 
      "last_name": "Johnson", 
      "is_active": true, 
      "is_superuser": true, 
      "is_staff": true, 
      "last_login": "2011-08-13 07:04:45", 
      "groups": [], 
      "user_permissions": [], 
      "password": "sha1$ed587$e36891186a5bf9499d9c2fbd9f8bc181368e67e9", 
      "email": "johnson@hawaii.edu", 
      "date_joined": "2010-06-24 22:11:13"
    }
  }, 
  {
    "pk": 700, 
    "model": "auth.user", 
    "fields": {
      "username": "michael.j.chang", 
      "first_name": "Michael", 
      "last_name": "Chang", 
      "is_active": true, 
      "is_superuser": false, 
      "is_staff": false, 
      "last_login": "2011-08-11 17:32:05", 
      "groups": [], 
      "user_permissions": [], 
      "password": "sha1$94a02$77e912734797da3f6d3b65f60a180a68f0873ca7", 
      "email": "michael.j.chang@saic.com", 
      "date_joined": "2011-08-11 16:35:33"
    }
  }, 
  {
    "pk": 701, 
    "model": "auth.user", 
    "fields": {
      "username": "jerome.m.keizer", 
      "first_name": "Jerome", 
      "last_name": "Keizer", 
      "is_active": true, 
      "is_superuser": false, 
      "is_staff": false, 
      "last_login": "2011-08-18 10:50:15", 
      "groups": [], 
      "user_permissions": [], 
      "password": "sha1$b0dd2$9996f8cfeccb56d89b067603862040fe11e518a4", 
      "email": "jerome.m.keizer@saic.com", 
      "date_joined": "2011-08-11 16:36:06"
    }
  }, 
  {
    "pk": 702, 
    "model": "auth.user", 
    "fields": {
      "username": "robert.vlacovsky", 
      "first_name": "Robert", 
      "last_name": "Vlacovsky", 
      "is_active": true, 
      "is_superuser": false, 
      "is_staff": false, 
      "last_login": "2011-08-15 08:37:23", 
      "groups": [], 
      "user_permissions": [], 
      "password": "sha1$19a23$bd89e35354037b5d9d2c3e5ab9522c74ad7fce4f", 
      "email": "robert.vlacovsky@saic.com", 
      "date_joined": "2011-08-11 16:36:43"
    }
  }, 
  {
    "pk": 699, 
    "model": "auth.user", 
    "fields": {
      "username": "derrick.t.sonoda", 
      "first_name": "Derrick", 
      "last_name": "Sonoda", 
      "is_active": true, 
      "is_superuser": false, 
      "is_staff": false, 
      "last_login": "2011-08-11 17:30:58", 
      "groups": [], 
      "user_permissions": [], 
      "password": "sha1$691c2$c45d5fa5196ea828b663bf2d4498cc56f8488f89", 
      "email": "derrick.t.sonoda@saic.com", 
      "date_joined": "2011-08-11 16:33:50"
    }
  }, 
  {
    "pk": 694, 
    "model": "auth.user", 
    "fields": {
      "username": "charin", 
      "first_name": "Charin", 
      "last_name": "Tomomitsu", 
      "is_active": true, 
      "is_superuser": false, 
      "is_staff": false, 
      "last_login": "2011-08-14 18:44:28", 
      "groups": [], 
      "user_permissions": [], 
      "password": "sha1$ead4b$5c003be36018881c6de3a81e21a71d624b68d8a3", 
      "email": "charin@blueplanetfoundation.org", 
      "date_joined": "2011-08-08 11:55:30"
    }
  }, 
  {
    "pk": 695, 
    "model": "auth.user", 
    "fields": {
      "username": "justin", 
      "first_name": "Justin", 
      "last_name": "Franzmeier", 
      "is_active": true, 
      "is_superuser": false, 
      "is_staff": false, 
      "last_login": "2011-08-14 16:45:17", 
      "groups": [], 
      "user_permissions": [], 
      "password": "sha1$597f2$75ef78019574a5a31f43b520a4631d4e24acb6be", 
      "email": "justin@islandfoodscaping.com", 
      "date_joined": "2011-08-08 11:56:24"
    }
  }, 
  {
    "pk": 696, 
    "model": "auth.user", 
    "fields": {
      "username": "chloedooley", 
      "first_name": "Chloe", 
      "last_name": "Dooley", 
      "is_active": true, 
      "is_superuser": false, 
      "is_staff": false, 
      "last_login": "2011-08-14 23:57:29", 
      "groups": [], 
      "user_permissions": [], 
      "password": "sha1$7c33a$d60f74157f61cf82681bf2716e47cb2cd306dc7b", 
      "email": "chloedooley@gmail.com", 
      "date_joined": "2011-08-08 11:57:29"
    }
  }, 
  {
    "pk": 693, 
    "model": "auth.user", 
    "fields": {
      "username": "tamba", 
      "first_name": "David", 
      "last_name": "Aquino", 
      "is_active": true, 
      "is_superuser": false, 
      "is_staff": false, 
      "last_login": "2011-08-17 22:28:58", 
      "groups": [], 
      "user_permissions": [], 
      "password": "sha1$a3f00$537cb99196aee8bf7a477bb2e2c107710c61001d", 
      "email": "tamba@blueplanetfoundation.org", 
      "date_joined": "2011-08-08 11:54:26"
    }
  }, 
  {
    "pk": 690, 
    "model": "auth.user", 
    "fields": {
      "username": "joanne.amberg", 
      "first_name": "Joanne", 
      "last_name": "Amberg", 
      "is_active": true, 
      "is_superuser": false, 
      "is_staff": false, 
      "last_login": "2011-08-12 10:43:01", 
      "groups": [], 
      "user_permissions": [], 
      "password": "sha1$ad3f7$a439ed12153e0ca3d84c527820aa4cf2c424c9ce", 
      "email": "joanne.amberg@gmail.com", 
      "date_joined": "2011-08-08 11:46:29"
    }
  }, 
  {
    "pk": 691, 
    "model": "auth.user", 
    "fields": {
      "username": "dale.jensen", 
      "first_name": "Dale", 
      "last_name": "Jensen", 
      "is_active": true, 
      "is_superuser": false, 
      "is_staff": false, 
      "last_login": "2011-08-17 23:02:23", 
      "groups": [], 
      "user_permissions": [], 
      "password": "sha1$c9d3d$c72a6ee88073603adb2112a2ce1a9e951997a4bc", 
      "email": "Dale.Jensen@makai.com", 
      "date_joined": "2011-08-08 11:47:13"
    }
  }, 
  {
    "pk": 692, 
    "model": "auth.user", 
    "fields": {
      "username": "ivory", 
      "first_name": "Ivory", 
      "last_name": "McClintock", 
      "is_active": true, 
      "is_superuser": false, 
      "is_staff": false, 
      "last_login": "2011-08-14 12:49:57", 
      "groups": [], 
      "user_permissions": [], 
      "password": "sha1$2d787$f69f0554bf70ca2b55d0cf5fdef4560f460e5377", 
      "email": "ivory@blueplanetfoundation.org", 
      "date_joined": "2011-08-08 11:53:28"
    }
  }, 
  {
    "pk": 689, 
    "model": "auth.user", 
    "fields": {
      "username": "katieambergjohnson", 
      "first_name": "Katie", 
      "last_name": "Amberg-Johnson", 
      "is_active": true, 
      "is_superuser": false, 
      "is_staff": false, 
      "last_login": "2011-08-17 05:50:39", 
      "groups": [], 
      "user_permissions": [], 
      "password": "sha1$65999$10b79508f4116fb571370cc65c4005da7a8b5607", 
      "email": "katieambergjohnson@gmail.com", 
      "date_joined": "2011-08-08 11:45:21"
    }
  }, 
  {
    "pk": 606, 
    "model": "auth.user", 
    "fields": {
      "username": "admin", 
      "first_name": "", 
      "last_name": "", 
      "is_active": true, 
      "is_superuser": true, 
      "is_staff": true, 
      "last_login": "2011-09-09 18:20:06", 
      "groups": [], 
      "user_permissions": [], 
      "password": "sha1$ab1bf$97cf0e4aed03355e9328f7bdbb0b3d5d40cb1f12", 
      "email": "", 
      "date_joined": "2010-06-24 22:24:24"
    }
  }, 
  {
    "pk": 698, 
    "model": "auth.user", 
    "fields": {
      "username": "david.mittelstadt", 
      "first_name": "David", 
      "last_name": "Mittelstadt", 
      "is_active": true, 
      "is_superuser": false, 
      "is_staff": false, 
      "last_login": "2011-08-18 12:59:32", 
      "groups": [], 
      "user_permissions": [], 
      "password": "sha1$1e91d$381b860f6541d7a5a4eb719fe24d1c002441e9d2", 
      "email": "david.mittelstadt@saic.com", 
      "date_joined": "2011-08-11 16:32:47"
    }
  }, 
  {
    "pk": 688, 
    "model": "auth.user", 
    "fields": {
      "username": "kuishinbo", 
      "first_name": "Yuka", 
      "last_name": "Nagashima", 
      "is_active": true, 
      "is_superuser": false, 
      "is_staff": false, 
      "last_login": "2011-08-15 12:18:57", 
      "groups": [], 
      "user_permissions": [], 
      "password": "sha1$de545$1a6bd276410fd1354cb39d739bf7edfd31b0d35e", 
      "email": "kuishinbo@gmail.com", 
      "date_joined": "2011-08-08 11:43:52"
    }
  }, 
  {
    "pk": 687, 
    "model": "auth.user", 
    "fields": {
      "username": "jensend003", 
      "first_name": "Madi", 
      "last_name": "Silverman", 
      "is_active": true, 
      "is_superuser": false, 
      "is_staff": false, 
      "last_login": "2011-08-15 22:47:20", 
      "groups": [], 
      "user_permissions": [], 
      "password": "sha1$1ee11$167af0cfb5e79eecb0dee96903fa08ae66d29382", 
      "email": "jensend003@hawaii.rr.com", 
      "date_joined": "2011-08-08 11:38:53"
    }
  }, 
  {
    "pk": 684, 
    "model": "auth.user", 
    "fields": {
      "username": "bostonvaulter", 
      "first_name": "Jason", 
      "last_name": "Axelson", 
      "is_active": true, 
      "is_superuser": false, 
      "is_staff": false, 
      "last_login": "2011-08-16 18:31:12", 
      "groups": [], 
      "user_permissions": [], 
      "password": "sha1$83af1$f48269da57d375fbca95b464690ebde1c6325680", 
      "email": "bostonvaulter@gmail.com", 
      "date_joined": "2011-08-08 11:34:55"
    }
  }, 
  {
    "pk": 685, 
    "model": "auth.user", 
    "fields": {
      "username": "jilleb01", 
      "first_name": "Jill", 
      "last_name": "Brockett", 
      "is_active": true, 
      "is_superuser": false, 
      "is_staff": false, 
      "last_login": "2011-08-18 15:09:03", 
      "groups": [], 
      "user_permissions": [], 
      "password": "sha1$202ae$12160fefa9fe009b3c788d4340b7eaaa93712726", 
      "email": "jilleb01@gmail.com", 
      "date_joined": "2011-08-08 11:36:39"
    }
  }, 
  {
    "pk": 682, 
    "model": "auth.user", 
    "fields": {
      "username": "kagawaa", 
      "first_name": "Aaron", 
      "last_name": "Kagawa", 
      "is_active": true, 
      "is_superuser": false, 
      "is_staff": false, 
      "last_login": "2011-08-15 15:01:42", 
      "groups": [], 
      "user_permissions": [], 
      "password": "sha1$78eda$3e1572bedb4d7904e7c530188ed0dbd78f0da681", 
      "email": "kagawaa@gmail.com", 
      "date_joined": "2011-08-08 11:31:18"
    }
  }, 
  {
    "pk": 683, 
    "model": "auth.user", 
    "fields": {
      "username": "austen.ito", 
      "first_name": "Austen", 
      "last_name": "Ito", 
      "is_active": true, 
      "is_superuser": false, 
      "is_staff": false, 
      "last_login": "2011-08-13 10:10:49", 
      "groups": [], 
      "user_permissions": [], 
      "password": "sha1$2b2b8$32cef69c464e7f7fe2a16b680f5b1d3aedb7c055", 
      "email": "austen.ito@gmail.com", 
      "date_joined": "2011-08-08 11:33:56"
    }
  }, 
  {
    "pk": 649, 
    "model": "auth.user", 
    "fields": {
      "username": "cdesiato", 
      "first_name": "Caterina", 
      "last_name": "Desiato", 
      "is_active": true, 
      "is_superuser": false, 
      "is_staff": true, 
      "last_login": "2011-06-21 11:39:54", 
      "groups": [], 
      "user_permissions": [], 
      "password": "sha1$4d158$40c5cc86e24e42af2830c95428cfdfc0ac57f9f7", 
      "email": "cdesiato@hawaii.edu", 
      "date_joined": "2011-04-29 10:27:49"
    }
  }, 
  {
    "pk": 650, 
    "model": "auth.user", 
    "fields": {
      "username": "hanab", 
      "first_name": "Hana", 
      "last_name": "Bowers", 
      "is_active": true, 
      "is_superuser": true, 
      "is_staff": true, 
      "last_login": "2011-05-16 13:29:24", 
      "groups": [], 
      "user_permissions": [], 
      "password": "sha1$559f6$18469208cb4ed9b02233fb57d8b7dad79ca28620", 
      "email": "hanab@hawaii.edu", 
      "date_joined": "2011-05-16 12:34:06"
    }
  }, 
  {
    "pk": 651, 
    "model": "auth.user", 
    "fields": {
      "username": "risac", 
      "first_name": "Risa", 
      "last_name": "Khamsi", 
      "is_active": true, 
      "is_superuser": true, 
      "is_staff": true, 
      "last_login": "2011-05-17 12:59:02", 
      "groups": [], 
      "user_permissions": [], 
      "password": "sha1$86d2c$a458be390c134f8bdbcd63e56edaef7ccfb3349a", 
      "email": "risac@hawaii.edu", 
      "date_joined": "2011-05-17 12:53:29"
    }
  }, 
  {
    "pk": 658, 
    "model": "auth.user", 
    "fields": {
      "username": "ayoung22", 
      "first_name": "Alex", 
      "last_name": "Young", 
      "is_active": true, 
      "is_superuser": false, 
      "is_staff": false, 
      "last_login": "2011-06-24 12:36:20", 
      "groups": [], 
      "user_permissions": [], 
      "password": "sha1$198a1$c7ad4f6dbabcf50de548a2dd0271226ddd282887", 
      "email": "ayoung22@hawaii.edu", 
      "date_joined": "2011-06-16 12:52:46"
    }
  }, 
  {
    "pk": 656, 
    "model": "auth.user", 
    "fields": {
      "username": "ndorman", 
      "first_name": "Nathan", 
      "last_name": "Dorman", 
      "is_active": true, 
      "is_superuser": true, 
      "is_staff": true, 
      "last_login": "2011-06-07 17:29:15", 
      "groups": [], 
      "user_permissions": [], 
      "password": "sha1$de6f0$d3e5d32bf8b4a6e902a879a87673fec267f42d4d", 
      "email": "ndorman@hawaii.edu", 
      "date_joined": "2011-06-07 16:26:40"
    }
  }, 
  {
    "pk": 655, 
    "model": "auth.user", 
    "fields": {
      "username": "gburgess", 
      "first_name": "Greg", 
      "last_name": "Burgess", 
      "is_active": true, 
      "is_superuser": true, 
      "is_staff": true, 
      "last_login": "2011-09-08 16:55:34", 
      "groups": [], 
      "user_permissions": [], 
      "password": "sha1$f81ed$f62fa3ab8b3e52158ad3c2b15de43a5e2ed2688f", 
      "email": "gburgess@hawaii.edu", 
      "date_joined": "2011-06-07 16:26:09"
    }
  }, 
  {
    "pk": 697, 
    "model": "auth.user", 
    "fields": {
      "username": "rbrewer", 
      "first_name": "Robert", 
      "last_name": "Brewer", 
      "is_active": true, 
      "is_superuser": true, 
      "is_staff": true, 
      "last_login": "2011-09-07 18:28:30", 
      "groups": [], 
      "user_permissions": [], 
      "password": "sha1$cba84$d5de6acc5bf7a057949a23cebbad14052cc4b1c2", 
      "email": "rbrewer@hawaii.edu", 
      "date_joined": "2011-08-08 16:34:16"
    }
  }, 
  {
    "pk": 659, 
    "model": "auth.user", 
    "fields": {
      "username": "abhari", 
      "first_name": "Kaveh", 
      "last_name": "Abhari", 
      "is_active": true, 
      "is_superuser": true, 
      "is_staff": true, 
      "last_login": "2011-06-16 13:06:45", 
      "groups": [], 
      "user_permissions": [], 
      "password": "sha1$e5c50$00b7b75343bac3759cde675c81afb60dbcaad3e6", 
      "email": "abhari@hawaii.edu", 
      "date_joined": "2011-06-16 12:58:31"
    }
  }, 
  {
    "pk": 686, 
    "model": "auth.user", 
    "fields": {
      "username": "lgouveia", 
      "first_name": "Lauren", 
      "last_name": "Gouveia", 
      "is_active": true, 
      "is_superuser": false, 
      "is_staff": false, 
      "last_login": "2011-08-17 09:30:33", 
      "groups": [], 
      "user_permissions": [], 
      "password": "sha1$e73b8$ff28d94dbc3c3eff8733c3c23b9b1d53fac98feb", 
      "email": "lgouveia@hawaii.rr.com", 
      "date_joined": "2011-08-08 11:37:54"
    }
  }, 
  {
    "pk": 663, 
    "model": "auth.user", 
    "fields": {
      "username": "yxu", 
      "first_name": "Yongwen", 
      "last_name": "Xu", 
      "is_active": true, 
      "is_superuser": true, 
      "is_staff": true, 
      "last_login": "2011-09-13 10:31:52", 
      "groups": [], 
      "user_permissions": [], 
      "password": "sha1$e2f75$8b9b444a6ee3dcaf01e4fc4b0834e808d4815fc4", 
      "email": "yxu@hawaii.edu", 
      "date_joined": "2011-06-30 13:47:55"
    }
  }, 
  {
    "pk": 1, 
    "model": "makahiki_profiles.scoreboardentry", 
    "fields": {
      "profile": 1, 
      "round_name": "Round 1", 
      "points": 0, 
      "last_awarded_submission": "2011-04-27 18:16:10"
    }
  }, 
  {
    "pk": 906, 
    "model": "makahiki_profiles.scoreboardentry", 
    "fields": {
      "profile": 2, 
      "round_name": "Round 2", 
      "points": 0, 
      "last_awarded_submission": "2011-04-19 15:35:00"
    }
  }, 
  {
    "pk": 969, 
    "model": "makahiki_profiles.scoreboardentry", 
    "fields": {
      "profile": 701, 
      "round_name": "Round 1", 
      "points": 0, 
      "last_awarded_submission": "2011-08-08 18:21:54"
    }
  }, 
  {
    "pk": 907, 
    "model": "makahiki_profiles.scoreboardentry", 
    "fields": {
      "profile": 2, 
      "round_name": "Round 1", 
      "points": 0, 
      "last_awarded_submission": "2011-06-18 13:42:11"
    }
  }, 
  {
    "pk": 952, 
    "model": "makahiki_profiles.scoreboardentry", 
    "fields": {
      "profile": 686, 
      "round_name": "Round 1", 
      "points": 273, 
      "last_awarded_submission": "2011-08-14 23:55:03"
    }
  }, 
  {
    "pk": 953, 
    "model": "makahiki_profiles.scoreboardentry", 
    "fields": {
      "profile": 687, 
      "round_name": "Round 1", 
      "points": 265, 
      "last_awarded_submission": "2011-08-14 23:55:03"
    }
  }, 
  {
    "pk": 954, 
    "model": "makahiki_profiles.scoreboardentry", 
    "fields": {
      "profile": 688, 
      "round_name": "Round 1", 
      "points": 190, 
      "last_awarded_submission": "2011-08-14 23:55:03"
    }
  }, 
  {
    "pk": 955, 
    "model": "makahiki_profiles.scoreboardentry", 
    "fields": {
      "profile": 689, 
      "round_name": "Round 1", 
      "points": 243, 
      "last_awarded_submission": "2011-08-14 23:55:03"
    }
  }, 
  {
    "pk": 956, 
    "model": "makahiki_profiles.scoreboardentry", 
    "fields": {
      "profile": 690, 
      "round_name": "Round 1", 
      "points": 273, 
      "last_awarded_submission": "2011-08-14 23:55:03"
    }
  }, 
  {
    "pk": 957, 
    "model": "makahiki_profiles.scoreboardentry", 
    "fields": {
      "profile": 691, 
      "round_name": "Round 1", 
      "points": 190, 
      "last_awarded_submission": "2011-08-14 23:55:03"
    }
  }, 
  {
    "pk": 958, 
    "model": "makahiki_profiles.scoreboardentry", 
    "fields": {
      "profile": 692, 
      "round_name": "Round 1", 
      "points": 383, 
      "last_awarded_submission": "2011-08-14 23:55:03"
    }
  }, 
  {
    "pk": 959, 
    "model": "makahiki_profiles.scoreboardentry", 
    "fields": {
      "profile": 693, 
      "round_name": "Round 1", 
      "points": 60, 
      "last_awarded_submission": "2011-08-14 23:55:03"
    }
  }, 
  {
    "pk": 960, 
    "model": "makahiki_profiles.scoreboardentry", 
    "fields": {
      "profile": 694, 
      "round_name": "Round 1", 
      "points": 353, 
      "last_awarded_submission": "2011-08-14 23:55:03"
    }
  }, 
  {
    "pk": 961, 
    "model": "makahiki_profiles.scoreboardentry", 
    "fields": {
      "profile": 695, 
      "round_name": "Round 1", 
      "points": 297, 
      "last_awarded_submission": "2011-08-14 23:55:03"
    }
  }, 
  {
    "pk": 962, 
    "model": "makahiki_profiles.scoreboardentry", 
    "fields": {
      "profile": 696, 
      "round_name": "Round 1", 
      "points": 325, 
      "last_awarded_submission": "2011-08-14 23:55:03"
    }
  }, 
  {
    "pk": 963, 
    "model": "makahiki_profiles.scoreboardentry", 
    "fields": {
      "profile": 697, 
      "round_name": "Round 1", 
      "points": 193, 
      "last_awarded_submission": "2011-08-14 23:55:03"
    }
  }, 
  {
    "pk": 964, 
    "model": "makahiki_profiles.scoreboardentry", 
    "fields": {
      "profile": 698, 
      "round_name": "Round 1", 
      "points": 69, 
      "last_awarded_submission": "2011-08-14 23:55:03"
    }
  }, 
  {
    "pk": 965, 
    "model": "makahiki_profiles.scoreboardentry", 
    "fields": {
      "profile": 699, 
      "round_name": "Round 1", 
      "points": 238, 
      "last_awarded_submission": "2011-08-14 23:55:03"
    }
  }, 
  {
    "pk": 966, 
    "model": "makahiki_profiles.scoreboardentry", 
    "fields": {
      "profile": 700, 
      "round_name": "Round 1", 
      "points": 45, 
      "last_awarded_submission": "2011-08-15 00:00:12"
    }
  }, 
  {
    "pk": 967, 
    "model": "makahiki_profiles.scoreboardentry", 
    "fields": {
      "profile": 679, 
      "round_name": "Round 1", 
      "points": 0, 
      "last_awarded_submission": null
    }
  }, 
  {
    "pk": 968, 
    "model": "makahiki_profiles.scoreboardentry", 
    "fields": {
      "profile": 680, 
      "round_name": "Round 1", 
      "points": 29, 
      "last_awarded_submission": "2011-09-10 17:59:36"
    }
  }, 
  {
    "pk": 970, 
    "model": "makahiki_profiles.scoreboardentry", 
    "fields": {
      "profile": 702, 
      "round_name": "Round 1", 
      "points": 362, 
      "last_awarded_submission": "2011-09-06 18:20:01"
    }
  }, 
  {
    "pk": 971, 
    "model": "makahiki_profiles.scoreboardentry", 
    "fields": {
      "profile": 703, 
      "round_name": "Round 1", 
      "points": 40, 
      "last_awarded_submission": "2011-08-14 23:55:03"
    }
  }, 
  {
    "pk": 972, 
    "model": "makahiki_profiles.scoreboardentry", 
    "fields": {
      "profile": 704, 
      "round_name": "Round 1", 
      "points": 40, 
      "last_awarded_submission": "2011-08-14 23:55:03"
    }
  }, 
  {
    "pk": 973, 
    "model": "makahiki_profiles.scoreboardentry", 
    "fields": {
      "profile": 705, 
      "round_name": "Round 1", 
      "points": 65, 
      "last_awarded_submission": "2011-08-14 23:55:03"
    }
  }, 
  {
    "pk": 974, 
    "model": "makahiki_profiles.scoreboardentry", 
    "fields": {
      "profile": 706, 
      "round_name": "Round 1", 
      "points": 40, 
      "last_awarded_submission": "2011-08-14 23:55:03"
    }
  }, 
  {
    "pk": 900, 
    "model": "makahiki_profiles.scoreboardentry", 
    "fields": {
      "profile": 1, 
      "round_name": "Round 2", 
      "points": 0, 
      "last_awarded_submission": null
    }
  }, 
  {
    "pk": 901, 
    "model": "makahiki_profiles.scoreboardentry", 
    "fields": {
      "profile": 606, 
      "round_name": "Round 2", 
      "points": 0, 
      "last_awarded_submission": "2011-02-22 13:27:41"
    }
  }, 
  {
    "pk": 902, 
    "model": "makahiki_profiles.scoreboardentry", 
    "fields": {
      "profile": 606, 
      "round_name": "Round 1", 
      "points": 0, 
      "last_awarded_submission": "2011-07-27 18:07:06"
    }
  }, 
  {
    "pk": 918, 
    "model": "makahiki_profiles.scoreboardentry", 
    "fields": {
      "profile": 649, 
      "round_name": "Round 1", 
      "points": 0, 
      "last_awarded_submission": null
    }
  }, 
  {
    "pk": 919, 
    "model": "makahiki_profiles.scoreboardentry", 
    "fields": {
      "profile": 650, 
      "round_name": "Round 1", 
      "points": 0, 
      "last_awarded_submission": null
    }
  }, 
  {
    "pk": 920, 
    "model": "makahiki_profiles.scoreboardentry", 
    "fields": {
      "profile": 651, 
      "round_name": "Round 1", 
      "points": 0, 
      "last_awarded_submission": "2011-05-17 13:42:00"
    }
  }, 
  {
    "pk": 927, 
    "model": "makahiki_profiles.scoreboardentry", 
    "fields": {
      "profile": 658, 
      "round_name": "Round 1", 
      "points": 0, 
      "last_awarded_submission": "2011-06-24 12:36:40"
    }
  }, 
  {
    "pk": 928, 
    "model": "makahiki_profiles.scoreboardentry", 
    "fields": {
      "profile": 659, 
      "round_name": "Round 1", 
      "points": 0, 
      "last_awarded_submission": "2011-06-16 13:38:25"
    }
  }, 
  {
    "pk": 932, 
    "model": "makahiki_profiles.scoreboardentry", 
    "fields": {
      "profile": 663, 
      "round_name": "Round 1", 
      "points": 2, 
      "last_awarded_submission": "2011-09-13 10:31:30"
    }
  }, 
  {
    "pk": 1, 
    "model": "makahiki_profiles.profile", 
    "fields": {
      "last_visit_date": "2011-09-12", 
      "first_name": "George", 
      "last_name": "Lee", 
      "name": "George L.", 
      "floor": null, 
      "canopy_member": true, 
      "daily_visit_count": 1, 
      "last_awarded_submission": null, 
      "canopy_karma": 0, 
      "setup_complete": true, 
      "contact_text": "808-230-5283", 
      "points": 0, 
      "contact_email": "gelee@hawaii.edu", 
      "user": 1, 
      "contact_carrier": "att", 
      "setup_profile": true, 
      "enable_help": true, 
      "completion_date": "2011-06-14 16:17:23"
    }
  }, 
  {
    "pk": 2, 
    "model": "makahiki_profiles.profile", 
    "fields": {
      "last_visit_date": "2011-08-21", 
      "first_name": "Philip", 
      "last_name": "Johnson", 
      "name": "pmj", 
      "floor": null, 
      "canopy_member": true, 
      "daily_visit_count": 1, 
      "last_awarded_submission": null, 
      "canopy_karma": 0, 
      "setup_complete": true, 
      "contact_text": "808-387-6663", 
      "points": 0, 
      "contact_email": "johnson@hawaii.edu", 
      "user": 2, 
      "contact_carrier": "verizon", 
      "setup_profile": true, 
      "enable_help": false, 
      "completion_date": "2011-06-14 16:17:23"
    }
  }, 
  {
    "pk": 704, 
    "model": "makahiki_profiles.profile", 
    "fields": {
      "last_visit_date": null, 
      "first_name": "Michael", 
      "last_name": "Chang", 
      "name": "Michael C.", 
      "floor": 6, 
      "canopy_member": false, 
      "daily_visit_count": 1, 
      "last_awarded_submission": "2011-08-30 23:55:03", 
      "canopy_karma": 0, 
      "setup_complete": false, 
      "contact_text": "", 
      "points": 380, 
      "contact_email": "", 
      "user": 700, 
      "contact_carrier": "", 
      "setup_profile": false, 
      "enable_help": true, 
      "completion_date": null
    }
  }, 
  {
    "pk": 679, 
    "model": "makahiki_profiles.profile", 
    "fields": {
      "last_visit_date": null, 
      "first_name": "Nathan", 
      "last_name": "Dorman", 
      "name": "Nathan D.", 
      "floor": null, 
      "canopy_member": false, 
      "daily_visit_count": 0, 
      "last_awarded_submission": null, 
      "canopy_karma": 0, 
      "setup_complete": true, 
      "contact_text": "", 
      "points": 0, 
      "contact_email": "", 
      "user": 656, 
      "contact_carrier": null, 
      "setup_profile": true, 
      "enable_help": true, 
      "completion_date": null
    }
  }, 
  {
    "pk": 680, 
    "model": "makahiki_profiles.profile", 
    "fields": {
      "last_visit_date": "2011-09-12", 
      "first_name": "Gregory", 
      "last_name": "Burgess", 
      "name": "Greg B.", 
      "floor": 1, 
      "canopy_member": true, 
      "daily_visit_count": 1, 
      "last_awarded_submission": "2011-09-10 17:59:36", 
      "canopy_karma": 0, 
      "setup_complete": true, 
      "contact_text": "", 
      "points": 29, 
      "contact_email": "", 
      "user": 655, 
      "contact_carrier": "", 
      "setup_profile": true, 
      "enable_help": true, 
      "completion_date": null
    }
  }, 
  {
    "pk": 701, 
    "model": "makahiki_profiles.profile", 
    "fields": {
      "last_visit_date": "2011-09-07", 
      "first_name": "Robert", 
      "last_name": "Brewer", 
      "name": "Robert S.", 
      "floor": null, 
      "canopy_member": true, 
      "daily_visit_count": 1, 
      "last_awarded_submission": null, 
      "canopy_karma": 0, 
      "setup_complete": true, 
      "contact_text": "", 
      "points": 0, 
      "contact_email": "", 
      "user": 697, 
      "contact_carrier": "", 
      "setup_profile": true, 
      "enable_help": true, 
      "completion_date": "2011-08-08 16:37:01"
    }
  }, 
  {
    "pk": 702, 
    "model": "makahiki_profiles.profile", 
    "fields": {
      "last_visit_date": "2011-09-09", 
      "first_name": "David", 
      "last_name": "Mittelstadt", 
      "name": "DaveM", 
      "floor": 6, 
      "canopy_member": true, 
      "daily_visit_count": 1, 
      "last_awarded_submission": "2011-09-06 18:20:01", 
      "canopy_karma": 0, 
      "setup_complete": true, 
      "contact_text": "", 
      "points": 776, 
      "contact_email": "", 
      "user": 698, 
      "contact_carrier": "", 
      "setup_profile": true, 
      "enable_help": true, 
      "completion_date": "2011-08-12 08:40:23"
    }
  }, 
  {
    "pk": 686, 
    "model": "makahiki_profiles.profile", 
    "fields": {
      "last_visit_date": "2011-08-17", 
      "first_name": "Aaron", 
      "last_name": "Kagawa", 
      "name": "Aaron K.", 
      "floor": 1, 
      "canopy_member": true, 
      "daily_visit_count": 6, 
      "last_awarded_submission": "2011-08-30 23:55:03", 
      "canopy_karma": 0, 
      "setup_complete": true, 
      "contact_text": "", 
      "points": 663, 
      "contact_email": "kagawaa@gmail.com", 
      "user": 682, 
      "contact_carrier": "", 
      "setup_profile": true, 
      "enable_help": true, 
      "completion_date": "2011-08-12 15:47:06"
    }
  }, 
  {
    "pk": 687, 
    "model": "makahiki_profiles.profile", 
    "fields": {
      "last_visit_date": "2011-08-21", 
      "first_name": "Austen", 
      "last_name": "Ito", 
      "name": "Austen I.", 
      "floor": 1, 
      "canopy_member": true, 
      "daily_visit_count": 1, 
      "last_awarded_submission": "2011-08-30 23:55:03", 
      "canopy_karma": 0, 
      "setup_complete": true, 
      "contact_text": "", 
      "points": 650, 
      "contact_email": "", 
      "user": 683, 
      "contact_carrier": "", 
      "setup_profile": true, 
      "enable_help": true, 
      "completion_date": "2011-08-13 10:13:52"
    }
  }, 
  {
    "pk": 688, 
    "model": "makahiki_profiles.profile", 
    "fields": {
      "last_visit_date": "2011-08-17", 
      "first_name": "Jason", 
      "last_name": "Axelson", 
      "name": "Jason Axelson", 
      "floor": 1, 
      "canopy_member": true, 
      "daily_visit_count": 4, 
      "last_awarded_submission": "2011-08-30 23:55:03", 
      "canopy_karma": 0, 
      "setup_complete": true, 
      "contact_text": "", 
      "points": 645, 
      "contact_email": "", 
      "user": 684, 
      "contact_carrier": "", 
      "setup_profile": true, 
      "enable_help": true, 
      "completion_date": "2011-08-14 22:04:36"
    }
  }, 
  {
    "pk": 689, 
    "model": "makahiki_profiles.profile", 
    "fields": {
      "last_visit_date": "2011-08-18", 
      "first_name": "Jill", 
      "last_name": "Brockett", 
      "name": "Jill B.", 
      "floor": 1, 
      "canopy_member": true, 
      "daily_visit_count": 5, 
      "last_awarded_submission": "2011-08-30 23:55:03", 
      "canopy_karma": 0, 
      "setup_complete": true, 
      "contact_text": "", 
      "points": 598, 
      "contact_email": "", 
      "user": 685, 
      "contact_carrier": "", 
      "setup_profile": true, 
      "enable_help": true, 
      "completion_date": "2011-08-14 13:28:16"
    }
  }, 
  {
    "pk": 690, 
    "model": "makahiki_profiles.profile", 
    "fields": {
      "last_visit_date": "2011-08-18", 
      "first_name": "Lauren", 
      "last_name": "Gouveia", 
      "name": "Lauren G.", 
      "floor": 1, 
      "canopy_member": true, 
      "daily_visit_count": 5, 
      "last_awarded_submission": "2011-08-30 23:55:03", 
      "canopy_karma": 0, 
      "setup_complete": true, 
      "contact_text": "", 
      "points": 823, 
      "contact_email": "", 
      "user": 686, 
      "contact_carrier": "", 
      "setup_profile": true, 
      "enable_help": true, 
      "completion_date": "2011-08-14 18:32:46"
    }
  }, 
  {
    "pk": 691, 
    "model": "makahiki_profiles.profile", 
    "fields": {
      "last_visit_date": "2011-08-15", 
      "first_name": "Madi", 
      "last_name": "Silverman", 
      "name": "Madi S.", 
      "floor": 4, 
      "canopy_member": true, 
      "daily_visit_count": 1, 
      "last_awarded_submission": "2011-08-30 23:55:03", 
      "canopy_karma": 0, 
      "setup_complete": true, 
      "contact_text": "", 
      "points": 575, 
      "contact_email": "", 
      "user": 687, 
      "contact_carrier": "", 
      "setup_profile": true, 
      "enable_help": true, 
      "completion_date": "2011-08-13 17:12:07"
    }
  }, 
  {
    "pk": 692, 
    "model": "makahiki_profiles.profile", 
    "fields": {
      "last_visit_date": "2011-08-30", 
      "first_name": "Yuka", 
      "last_name": "Nagashima", 
      "name": "Yuka N.", 
      "floor": 4, 
      "canopy_member": true, 
      "daily_visit_count": 2, 
      "last_awarded_submission": "2011-08-30 23:55:03", 
      "canopy_karma": 0, 
      "setup_complete": true, 
      "contact_text": "", 
      "points": 798, 
      "contact_email": "", 
      "user": 688, 
      "contact_carrier": "", 
      "setup_profile": true, 
      "enable_help": true, 
      "completion_date": "2011-08-13 11:45:17"
    }
  }, 
  {
    "pk": 693, 
    "model": "makahiki_profiles.profile", 
    "fields": {
      "last_visit_date": "2011-08-17", 
      "first_name": "Katie", 
      "last_name": "Amberg-Johnson", 
      "name": "Katie", 
      "floor": 4, 
      "canopy_member": true, 
      "daily_visit_count": 3, 
      "last_awarded_submission": "2011-08-30 23:55:03", 
      "canopy_karma": 0, 
      "setup_complete": true, 
      "contact_text": "", 
      "points": 623, 
      "contact_email": "", 
      "user": 689, 
      "contact_carrier": "", 
      "setup_profile": true, 
      "enable_help": true, 
      "completion_date": "2011-08-15 12:55:14"
    }
  }, 
  {
    "pk": 694, 
    "model": "makahiki_profiles.profile", 
    "fields": {
      "last_visit_date": "2011-08-20", 
      "first_name": "Joanne", 
      "last_name": "Amberg", 
      "name": "Happy Camper", 
      "floor": 4, 
      "canopy_member": true, 
      "daily_visit_count": 1, 
      "last_awarded_submission": "2011-08-30 23:55:03", 
      "canopy_karma": 0, 
      "setup_complete": true, 
      "contact_text": "", 
      "points": 773, 
      "contact_email": "joanne.amberg@gmail.com", 
      "user": 690, 
      "contact_carrier": "", 
      "setup_profile": true, 
      "enable_help": true, 
      "completion_date": "2011-08-12 11:02:15"
    }
  }, 
  {
    "pk": 695, 
    "model": "makahiki_profiles.profile", 
    "fields": {
      "last_visit_date": "2011-08-17", 
      "first_name": "Dale", 
      "last_name": "Jensen", 
      "name": "Dale J.", 
      "floor": 4, 
      "canopy_member": true, 
      "daily_visit_count": 3, 
      "last_awarded_submission": "2011-08-30 23:55:03", 
      "canopy_karma": 0, 
      "setup_complete": true, 
      "contact_text": "", 
      "points": 782, 
      "contact_email": "jensend003@hawaii.rr.com", 
      "user": 691, 
      "contact_carrier": "", 
      "setup_profile": true, 
      "enable_help": true, 
      "completion_date": "2011-08-11 22:44:12"
    }
  }, 
  {
    "pk": 696, 
    "model": "makahiki_profiles.profile", 
    "fields": {
      "last_visit_date": "2011-08-23", 
      "first_name": "Ivory", 
      "last_name": "McClintock", 
      "name": "Ivory M.", 
      "floor": 5, 
      "canopy_member": true, 
      "daily_visit_count": 1, 
      "last_awarded_submission": "2011-08-30 23:55:03", 
      "canopy_karma": 0, 
      "setup_complete": true, 
      "contact_text": "", 
      "points": 713, 
      "contact_email": "", 
      "user": 692, 
      "contact_carrier": "", 
      "setup_profile": true, 
      "enable_help": true, 
      "completion_date": "2011-08-14 12:53:02"
    }
  }, 
  {
    "pk": 697, 
    "model": "makahiki_profiles.profile", 
    "fields": {
      "last_visit_date": "2011-08-17", 
      "first_name": "David", 
      "last_name": "Aquino", 
      "name": "David A.", 
      "floor": 5, 
      "canopy_member": true, 
      "daily_visit_count": 4, 
      "last_awarded_submission": "2011-08-30 23:55:03", 
      "canopy_karma": 0, 
      "setup_complete": true, 
      "contact_text": "", 
      "points": 673, 
      "contact_email": "", 
      "user": 693, 
      "contact_carrier": "", 
      "setup_profile": true, 
      "enable_help": true, 
      "completion_date": "2011-08-14 21:05:44"
    }
  }, 
  {
    "pk": 698, 
    "model": "makahiki_profiles.profile", 
    "fields": {
      "last_visit_date": "2011-08-14", 
      "first_name": "Charin", 
      "last_name": "Tomomitsu", 
      "name": "Charin T.", 
      "floor": 5, 
      "canopy_member": false, 
      "daily_visit_count": 1, 
      "last_awarded_submission": "2011-08-30 23:55:03", 
      "canopy_karma": 0, 
      "setup_complete": true, 
      "contact_text": "", 
      "points": 409, 
      "contact_email": "", 
      "user": 694, 
      "contact_carrier": "", 
      "setup_profile": true, 
      "enable_help": true, 
      "completion_date": "2011-08-14 18:52:49"
    }
  }, 
  {
    "pk": 699, 
    "model": "makahiki_profiles.profile", 
    "fields": {
      "last_visit_date": "2011-08-15", 
      "first_name": "Justin", 
      "last_name": "Franzmeier", 
      "name": "Franz", 
      "floor": 5, 
      "canopy_member": true, 
      "daily_visit_count": 2, 
      "last_awarded_submission": "2011-08-30 23:55:03", 
      "canopy_karma": 0, 
      "setup_complete": true, 
      "contact_text": "", 
      "points": 578, 
      "contact_email": "", 
      "user": 695, 
      "contact_carrier": "", 
      "setup_profile": true, 
      "enable_help": true, 
      "completion_date": "2011-08-14 16:53:41"
    }
  }, 
  {
    "pk": 700, 
    "model": "makahiki_profiles.profile", 
    "fields": {
      "last_visit_date": "2011-08-15", 
      "first_name": "Chloe", 
      "last_name": "Dooley", 
      "name": "Chloe D.", 
      "floor": 5, 
      "canopy_member": false, 
      "daily_visit_count": 2, 
      "last_awarded_submission": "2011-08-30 23:55:03", 
      "canopy_karma": 0, 
      "setup_complete": true, 
      "contact_text": "", 
      "points": 385, 
      "contact_email": "", 
      "user": 696, 
      "contact_carrier": "", 
      "setup_profile": true, 
      "enable_help": true, 
      "completion_date": "2011-08-15 00:00:12"
    }
  }, 
  {
    "pk": 606, 
    "model": "makahiki_profiles.profile", 
    "fields": {
      "last_visit_date": "2011-09-09", 
      "first_name": "", 
      "last_name": "", 
      "name": "Admin", 
      "floor": null, 
      "canopy_member": false, 
      "daily_visit_count": 1, 
      "last_awarded_submission": null, 
      "canopy_karma": 0, 
      "setup_complete": true, 
      "contact_text": "", 
      "points": 0, 
      "contact_email": "", 
      "user": 606, 
      "contact_carrier": "", 
      "setup_profile": true, 
      "enable_help": false, 
      "completion_date": "2011-06-14 16:17:23"
    }
  }, 
  {
    "pk": 705, 
    "model": "makahiki_profiles.profile", 
    "fields": {
      "last_visit_date": "2011-08-18", 
      "first_name": "Jerome", 
      "last_name": "Keizer", 
      "name": "Jerome K.", 
      "floor": 6, 
      "canopy_member": false, 
      "daily_visit_count": 1, 
      "last_awarded_submission": "2011-08-30 23:55:03", 
      "canopy_karma": 0, 
      "setup_complete": true, 
      "contact_text": "", 
      "points": 493, 
      "contact_email": "", 
      "user": 701, 
      "contact_carrier": "", 
      "setup_profile": true, 
      "enable_help": true, 
      "completion_date": "2011-08-12 15:28:40"
    }
  }, 
  {
    "pk": 703, 
    "model": "makahiki_profiles.profile", 
    "fields": {
      "last_visit_date": null, 
      "first_name": "Derrick", 
      "last_name": "Sonoda", 
      "name": "Derrick S.", 
      "floor": 6, 
      "canopy_member": false, 
      "daily_visit_count": 1, 
      "last_awarded_submission": "2011-08-30 23:55:03", 
      "canopy_karma": 0, 
      "setup_complete": false, 
      "contact_text": "", 
      "points": 380, 
      "contact_email": "", 
      "user": 699, 
      "contact_carrier": "", 
      "setup_profile": false, 
      "enable_help": true, 
      "completion_date": null
    }
  }, 
  {
    "pk": 649, 
    "model": "makahiki_profiles.profile", 
    "fields": {
      "last_visit_date": null, 
      "first_name": "Caterina", 
      "last_name": "Desiato", 
      "name": "Caterina D.", 
      "floor": null, 
      "canopy_member": true, 
      "daily_visit_count": 1, 
      "last_awarded_submission": null, 
      "canopy_karma": 0, 
      "setup_complete": true, 
      "contact_text": "", 
      "points": 0, 
      "contact_email": "", 
      "user": 649, 
      "contact_carrier": "", 
      "setup_profile": true, 
      "enable_help": true, 
      "completion_date": "2011-06-14 16:17:23"
    }
  }, 
  {
    "pk": 650, 
    "model": "makahiki_profiles.profile", 
    "fields": {
      "last_visit_date": null, 
      "first_name": "Hana", 
      "last_name": "Bowers", 
      "name": "Hana B.", 
      "floor": null, 
      "canopy_member": false, 
      "daily_visit_count": 1, 
      "last_awarded_submission": null, 
      "canopy_karma": 0, 
      "setup_complete": true, 
      "contact_text": "", 
      "points": 0, 
      "contact_email": "", 
      "user": 650, 
      "contact_carrier": "", 
      "setup_profile": true, 
      "enable_help": true, 
      "completion_date": "2011-06-14 16:17:23"
    }
  }, 
  {
    "pk": 651, 
    "model": "makahiki_profiles.profile", 
    "fields": {
      "last_visit_date": null, 
      "first_name": "Risa", 
      "last_name": "Khamsi", 
      "name": "Risa K.", 
      "floor": null, 
      "canopy_member": false, 
      "daily_visit_count": 1, 
      "last_awarded_submission": null, 
      "canopy_karma": 0, 
      "setup_complete": true, 
      "contact_text": "", 
      "points": 0, 
      "contact_email": "", 
      "user": 651, 
      "contact_carrier": "", 
      "setup_profile": true, 
      "enable_help": true, 
      "completion_date": "2011-06-14 16:17:23"
    }
  }, 
  {
    "pk": 658, 
    "model": "makahiki_profiles.profile", 
    "fields": {
      "last_visit_date": null, 
      "first_name": "Alex", 
      "last_name": "Young", 
      "name": "Alex Y.", 
      "floor": null, 
      "canopy_member": false, 
      "daily_visit_count": 1, 
      "last_awarded_submission": null, 
      "canopy_karma": 0, 
      "setup_complete": true, 
      "contact_text": "", 
      "points": 0, 
      "contact_email": "", 
      "user": 658, 
      "contact_carrier": "", 
      "setup_profile": true, 
      "enable_help": true, 
      "completion_date": "2011-06-24 12:36:40"
    }
  }, 
  {
    "pk": 659, 
    "model": "makahiki_profiles.profile", 
    "fields": {
      "last_visit_date": null, 
      "first_name": "Kaveh", 
      "last_name": "Abhari", 
      "name": "Kaveh A.", 
      "floor": null, 
      "canopy_member": false, 
      "daily_visit_count": 1, 
      "last_awarded_submission": null, 
      "canopy_karma": 0, 
      "setup_complete": true, 
      "contact_text": "", 
      "points": 0, 
      "contact_email": "", 
      "user": 659, 
      "contact_carrier": "", 
      "setup_profile": true, 
      "enable_help": true, 
      "completion_date": "2011-06-16 13:10:11"
    }
  }, 
  {
    "pk": 663, 
    "model": "makahiki_profiles.profile", 
    "fields": {
      "last_visit_date": "2011-09-13", 
      "first_name": "Yongwen", 
      "last_name": "Xu", 
      "name": "Yongwen X.", 
      "floor": null, 
      "canopy_member": true, 
      "daily_visit_count": 1, 
      "last_awarded_submission": "2011-09-13 10:31:30", 
      "canopy_karma": 0, 
      "setup_complete": true, 
      "contact_text": "", 
      "points": 2, 
      "contact_email": "", 
      "user": 663, 
      "contact_carrier": "", 
      "setup_profile": true, 
      "enable_help": true, 
      "completion_date": null
    }
  }, 
  {
    "pk": 706, 
    "model": "makahiki_profiles.profile", 
    "fields": {
      "last_visit_date": "2011-08-15", 
      "first_name": "Robert", 
      "last_name": "Vlacovsky", 
      "name": "Robert V.", 
      "floor": 6, 
      "canopy_member": true, 
      "daily_visit_count": 1, 
      "last_awarded_submission": "2011-08-30 23:55:03", 
      "canopy_karma": 0, 
      "setup_complete": true, 
      "contact_text": "", 
      "points": 480, 
      "contact_email": "", 
      "user": 702, 
      "contact_carrier": "", 
      "setup_profile": true, 
      "enable_help": true, 
      "completion_date": "2011-08-15 08:41:57"
    }
  }, 
  {
    "pk": 1, 
    "model": "makahiki_profiles.pointstransaction", 
    "fields": {
      "submission_date": "2011-08-23 21:26:10", 
      "object_id": 114, 
      "points": 5, 
      "user": 1, 
      "content_type": 39, 
      "message": "Commitment: I will turn off water when brushing my teeth or shaving"
    }
  }, 
  {
    "pk": 2, 
    "model": "makahiki_profiles.pointstransaction", 
    "fields": {
      "submission_date": "2011-08-29 21:01:58", 
      "object_id": null, 
      "points": 2, 
      "user": 655, 
      "content_type": null, 
      "message": "Commitment: I will use stairs instead of elevator (Signup)"
    }
  }, 
  {
    "pk": 3, 
    "model": "makahiki_profiles.pointstransaction", 
    "fields": {
      "submission_date": "2011-08-29 21:17:08", 
      "object_id": null, 
      "points": 2, 
      "user": 655, 
      "content_type": null, 
      "message": "Commitment: I will use task lighting instead of overhead lights (Signup)"
    }
  }, 
  {
    "pk": 4, 
    "model": "makahiki_profiles.pointstransaction", 
    "fields": {
      "submission_date": "2011-08-29 21:17:32", 
      "object_id": null, 
      "points": -2, 
      "user": 655, 
      "content_type": null, 
      "message": "Commitment: I will use task lighting instead of overhead lights (Cancelled)"
    }
  }, 
  {
    "pk": 5, 
    "model": "makahiki_profiles.pointstransaction", 
    "fields": {
      "submission_date": "2011-08-29 21:18:32", 
      "object_id": 129, 
      "points": 5, 
      "user": 655, 
      "content_type": 39, 
      "message": "Commitment: I will use task lighting instead of overhead lights"
    }
  }, 
  {
    "pk": 6, 
    "model": "makahiki_profiles.pointstransaction", 
    "fields": {
      "submission_date": "2011-08-29 21:18:32", 
      "object_id": 129, 
      "points": -5, 
      "user": 655, 
      "content_type": 39, 
      "message": "Commitment: I will use task lighting instead of overhead lights (Removed)"
    }
  }, 
  {
    "pk": 7, 
    "model": "makahiki_profiles.pointstransaction", 
    "fields": {
      "submission_date": "2011-09-03 23:04:02", 
      "object_id": null, 
      "points": 2, 
      "user": 655, 
      "content_type": null, 
      "message": "Commitment: I will display my Kukui Cup button every day (Signup)"
    }
  }, 
  {
    "pk": 8, 
    "model": "makahiki_profiles.pointstransaction", 
    "fields": {
      "submission_date": "2011-09-04 00:02:34", 
      "object_id": null, 
      "points": 2, 
      "user": 655, 
      "content_type": null, 
      "message": "Commitment: I will turn off vampire loads using a power strip (Signup)"
    }
  }, 
  {
    "pk": 9, 
    "model": "makahiki_profiles.pointstransaction", 
    "fields": {
      "submission_date": "2011-09-04 00:03:23", 
      "object_id": null, 
      "points": 2, 
      "user": 655, 
      "content_type": null, 
      "message": "Commitment: I will turn off all appliances every night before going to sleep (Signup)"
    }
  }, 
  {
    "pk": 10, 
    "model": "makahiki_profiles.pointstransaction", 
    "fields": {
      "submission_date": "2011-09-04 00:04:07", 
      "object_id": 719, 
      "points": 10, 
      "user": 655, 
      "content_type": 43, 
      "message": "Activity: Watch video about Power & Energy"
    }
  }, 
  {
    "pk": 11, 
    "model": "makahiki_profiles.pointstransaction", 
    "fields": {
      "submission_date": "2011-09-04 00:03:04", 
      "object_id": 718, 
      "points": 10, 
      "user": 655, 
      "content_type": 43, 
      "message": "Activity: Watch video \"Secrets of the Kukui Cup Masters\""
    }
  }, 
  {
    "pk": 12, 
    "model": "makahiki_profiles.pointstransaction", 
    "fields": {
      "submission_date": "2011-09-06 18:20:01", 
      "object_id": null, 
      "points": 2, 
      "user": 698, 
      "content_type": null, 
      "message": "Commitment: I will limit my TV use to 1 hour a day (Sign up)"
    }
  }, 
  {
    "pk": 13, 
    "model": "makahiki_profiles.pointstransaction", 
    "fields": {
      "submission_date": "2011-09-10 17:58:36", 
      "object_id": null, 
      "points": -2, 
      "user": 655, 
      "content_type": null, 
      "message": "Commitment: I will display my Kukui Cup button every day (Cancelled)"
    }
  }, 
  {
    "pk": 14, 
    "model": "makahiki_profiles.pointstransaction", 
    "fields": {
      "submission_date": "2011-09-10 17:59:36", 
      "object_id": 267, 
      "points": 5, 
      "user": 655, 
      "content_type": 39, 
      "message": "Commitment: I will display my Kukui Cup button every day"
    }
  }, 
  {
    "pk": 15, 
    "model": "makahiki_profiles.pointstransaction", 
    "fields": {
      "submission_date": "2011-09-13 10:31:30", 
      "object_id": 271, 
      "points": 2, 
      "user": 663, 
      "content_type": 39, 
      "message": "Commitment: I will turn off vampire loads using a power strip (Sign up)"
    }
  }, 
  {
    "pk": 1, 
    "model": "makahiki_avatar.avatar", 
    "fields": {
      "date_uploaded": "2011-03-01 13:49:55", 
      "user": 1, 
      "avatar": "avatars/gelee/fb_photo.jpg", 
      "primary": true
    }
  }, 
  {
    "pk": 2, 
    "model": "makahiki_avatar.avatar", 
    "fields": {
      "date_uploaded": "2011-04-12 15:06:15", 
      "user": 2, 
      "avatar": "avatars/johnson/fb_photo.jpg", 
      "primary": false
    }
  }, 
  {
    "pk": 5, 
    "model": "makahiki_avatar.avatar", 
    "fields": {
      "date_uploaded": "2011-04-19 14:47:18", 
      "user": 2, 
      "avatar": "avatars/johnson/fb_photo.jpg", 
      "primary": true
    }
  }, 
  {
    "pk": 30, 
    "model": "makahiki_avatar.avatar", 
    "fields": {
      "date_uploaded": "2011-08-12 08:40:18", 
      "user": 698, 
      "avatar": "avatars/david.mittelstadt/HE-Logo-Type-Stacked-dimensional-colorbkgd.jpg", 
      "primary": true
    }
  }, 
  {
    "pk": 29, 
    "model": "makahiki_avatar.avatar", 
    "fields": {
      "date_uploaded": "2011-08-08 16:36:56", 
      "user": 697, 
      "avatar": "avatars/rbrewer/fb_photo.jpg", 
      "primary": true
    }
  }, 
  {
    "pk": 13, 
    "model": "makahiki_avatar.avatar", 
    "fields": {
      "date_uploaded": "2011-05-16 12:44:40", 
      "user": 650, 
      "avatar": "avatars/hanab/fb_photo.jpg", 
      "primary": true
    }
  }, 
  {
    "pk": 14, 
    "model": "makahiki_avatar.avatar", 
    "fields": {
      "date_uploaded": "2011-05-17 13:01:02", 
      "user": 651, 
      "avatar": "avatars/risac/fb_photo.jpg", 
      "primary": true
    }
  }, 
  {
    "pk": 31, 
    "model": "makahiki_avatar.avatar", 
    "fields": {
      "date_uploaded": "2011-08-12 15:23:48", 
      "user": 701, 
      "avatar": "avatars/jerome.m.keizer/Palm Leaf.jpg", 
      "primary": true
    }
  }, 
  {
    "pk": 32, 
    "model": "makahiki_avatar.avatar", 
    "fields": {
      "date_uploaded": "2011-08-12 15:44:31", 
      "user": 682, 
      "avatar": "avatars/kagawaa/63858_593364760108_700147_33850546_3622866_n.jpg", 
      "primary": true
    }
  }, 
  {
    "pk": 33, 
    "model": "makahiki_avatar.avatar", 
    "fields": {
      "date_uploaded": "2011-08-13 07:12:51", 
      "user": 690, 
      "avatar": "avatars/joanne.amberg/joanne-kukuicup.JPG", 
      "primary": true
    }
  }, 
  {
    "pk": 34, 
    "model": "makahiki_avatar.avatar", 
    "fields": {
      "date_uploaded": "2011-08-13 11:42:13", 
      "user": 688, 
      "avatar": "avatars/kuishinbo/IMG_facebookicon2011.jpg", 
      "primary": true
    }
  }, 
  {
    "pk": 35, 
    "model": "makahiki_avatar.avatar", 
    "fields": {
      "date_uploaded": "2011-08-14 16:48:19", 
      "user": 692, 
      "avatar": "avatars/ivory/5.jpg", 
      "primary": true
    }
  }, 
  {
    "pk": 36, 
    "model": "makahiki_avatar.avatar", 
    "fields": {
      "date_uploaded": "2011-08-14 16:48:30", 
      "user": 695, 
      "avatar": "avatars/justin/Photo 21.jpg", 
      "primary": true
    }
  }, 
  {
    "pk": 37, 
    "model": "makahiki_avatar.avatar", 
    "fields": {
      "date_uploaded": "2011-08-14 18:30:08", 
      "user": 686, 
      "avatar": "avatars/lgouveia/fb_photo.jpg", 
      "primary": true
    }
  }, 
  {
    "pk": 38, 
    "model": "makahiki_avatar.avatar", 
    "fields": {
      "date_uploaded": "2011-08-14 23:22:40", 
      "user": 693, 
      "avatar": "avatars/tamba/Yuki!.JPG", 
      "primary": true
    }
  }, 
  {
    "pk": 39, 
    "model": "makahiki_avatar.avatar", 
    "fields": {
      "date_uploaded": "2011-08-15 12:52:29", 
      "user": 689, 
      "avatar": "avatars/katieambergjohnson/16767_104699669541050_1000000305361.jpg", 
      "primary": true
    }
  }, 
  {
    "pk": 40, 
    "model": "makahiki_avatar.avatar", 
    "fields": {
      "date_uploaded": "2011-08-15 22:11:16", 
      "user": 691, 
      "avatar": "avatars/dale.jensen/cfl.bmp", 
      "primary": true
    }
  }, 
  {
    "pk": 41, 
    "model": "makahiki_avatar.avatar", 
    "fields": {
      "date_uploaded": "2011-08-15 22:47:46", 
      "user": 687, 
      "avatar": "avatars/jensend003/kukui wind turbine.JPG", 
      "primary": true
    }
  }
]