[
  {
    "pk": 1, 
    "model": "prizes.prize", 
    "fields": {
      "title": "Kokua Market gift cert", 
      "round_name": "Round 1", 
      "image": "prizes/kokua-market-square-small.png", 
      "award_to": "individual_overall", 
      "value": 20, 
      "competition_type": "points", 
      "short_description": "The individual with the most points across all teams", 
      "long_description": "A $20 gift certificate to [Kokua Market Co-op](http://www.kokua.coop/) near the University of Hawaii at Manoa. Kokua sells a variety of organic and local products and produce, and is owned by its members!"
    }
  }, 
  {
    "pk": 2, 
    "model": "prizes.prize", 
    "fields": {
      "title": "Cookie Corner", 
      "round_name": "Round 1", 
      "image": "prizes/cookie-corner.png", 
      "award_to": "floor_overall", 
      "value": 15, 
      "competition_type": "points", 
      "short_description": "The team with the most points", 
      "long_description": "A small box of Cookie Corner bite size cookies to share with your team/organization."
    }
  }, 
  {
    "pk": 5, 
    "model": "prizes.prize", 
    "fields": {
      "title": "TOWN gift cert", 
      "round_name": "Overall", 
      "image": "prizes/town.png", 
      "award_to": "individual_overall", 
      "value": 30, 
      "competition_type": "points", 
      "short_description": "The individual with the most points across all teams", 
      "long_description": "A $30 gift certificate to [Town restaurant](http://www.townkaimuki.com/) in Kaimuki. Their moto is \"Local first, organic whenever possible, with Aloha always\""
    }
  }, 
  {
    "pk": 9, 
    "model": "prizes.prize", 
    "fields": {
      "title": "Team Lunch", 
      "round_name": "Overall", 
      "image": "prizes/lunchspread4c-small.png", 
      "award_to": "floor_overall", 
      "value": 50, 
      "competition_type": "points", 
      "short_description": "The team with the most points", 
      "long_description": "You will receive lunch for your team at location of your choice (up to $50 value) to gloat about your Kukui Cup dominance."
    }
  }, 
  {
    "pk": 1, 
    "model": "prizes.raffledeadline", 
    "fields": {
      "round_name": "Round 1", 
      "pub_date": "2011-08-11 16:46:44", 
      "end_date": "2011-09-29 23:00:00"
    }
  }, 
  {
    "pk": 2, 
    "model": "prizes.raffledeadline", 
    "fields": {
      "round_name": "Overall", 
      "pub_date": "2011-08-15 00:00:00", 
      "end_date": "2011-08-17 23:00:00"
    }
  }, 
  {
    "pk": 4, 
    "model": "prizes.raffleprize", 
    "fields": {
      "description": "A gift card to that Island favorite: Zippy's", 
      "title": "Zippy's gift card", 
      "image": "prizes/Zippys.png", 
      "winner": 695, 
      "value": 10, 
      "deadline": 1
    }
  }, 
  {
    "pk": 3, 
    "model": "prizes.raffleprize", 
    "fields": {
      "description": "A gift certificate for a double dip cone from Bubbies Ice Cream Parlor, voted Best Ice Cream of 2010!", 
      "title": "Bubbies Gift Certificate", 
      "image": "prizes/bubbies.png", 
      "winner": 692, 
      "value": 5, 
      "deadline": 1
    }
  }, 
  {
    "pk": 5, 
    "model": "prizes.raffleprize", 
    "fields": {
      "description": "An hour-long single or family portraiture session held at a location of your choosing. You will be given a CD with digital versions of up to 20 photos, edited and retouched.\r\n\r\nRisa Khamsi has worked professionally in photography since 2008. She has worked with Cherish Photography in Honolulu, and has experience shooting at beach locations.\r\n\r\n(picture of camera by Tim Williams CC Attribution)", 
      "title": "Photo shoot", 
      "image": "prizes/camera-small.jpg", 
      "winner": 686, 
      "value": 200, 
      "deadline": 2
    }
  }, 
  {
    "pk": 6, 
    "model": "prizes.raffleprize", 
    "fields": {
      "description": "Enjoy beautiful Kailua Bay during this one hour introduction to outrigger canoe paddling for one or two people.  After meeting at Kailua Beach Park, you will learn the basics of paddling and go out into the bay on a two man outrigger canoe. You will be taught and accompanied at all times by Philip Johnson, an experienced paddler and member of the Kailua Canoe Club masters crew. All equipment provided. For safety purposes, please be able to swim at least 100 yards.", 
      "title": "Paddling Adventure", 
      "image": "prizes/oc2_prod.jpg", 
      "winner": 682, 
      "value": 100, 
      "deadline": 1
    }
  }, 
  {
    "pk": 7, 
    "model": "prizes.raffleprize", 
    "fields": {
      "description": "A gift certificate for a double dip cone from Bubbies Ice Cream Parlor, voted Best Ice Cream of 2010!", 
      "title": "Bubbies Gift Certificate", 
      "image": "prizes/bubbies_1.png", 
      "winner": 689, 
      "value": 5, 
      "deadline": 2
    }
  }, 
  {
    "pk": 8, 
    "model": "prizes.raffleprize", 
    "fields": {
      "description": "A gift card to Long's Drugs, an island institution (even if it is now owned by CVS)", 
      "title": "Long's Gift Card", 
      "image": "prizes/longs_logo.gif", 
      "winner": 688, 
      "value": 10, 
      "deadline": 2
    }
  }, 
  {
    "pk": 9, 
    "model": "prizes.raffleprize", 
    "fields": {
      "description": "Lock & Lock Bento Boxes are watertight, airtight, compartmentalized lunchboxes. The removable trays are perfect for separating one dish from another, or remove them all for more room. This includes an assortment of 3 box sizes.", 
      "title": "Leak-Proof Bento Boxes", 
      "image": "prizes/bento-boxes.jpg", 
      "winner": 693, 
      "value": 15, 
      "deadline": 2
    }
  }, 
  {
    "pk": 653, 
    "model": "prizes.raffleticket", 
    "fields": {
      "created_at": "2011-08-14 21:42:17", 
      "raffle_prize": 3, 
      "user": 686, 
      "updated_at": "2011-08-14 21:42:17"
    }
  }, 
  {
    "pk": 652, 
    "model": "prizes.raffleticket", 
    "fields": {
      "created_at": "2011-08-14 21:42:14", 
      "raffle_prize": 3, 
      "user": 686, 
      "updated_at": "2011-08-14 21:42:14"
    }
  }, 
  {
    "pk": 737, 
    "model": "prizes.raffleticket", 
    "fields": {
      "created_at": "2011-08-17 22:37:38", 
      "raffle_prize": 9, 
      "user": 693, 
      "updated_at": "2011-08-17 22:37:38"
    }
  }, 
  {
    "pk": 607, 
    "model": "prizes.raffleticket", 
    "fields": {
      "created_at": "2011-08-13 14:47:47", 
      "raffle_prize": 4, 
      "user": 688, 
      "updated_at": "2011-08-13 14:47:47"
    }
  }, 
  {
    "pk": 651, 
    "model": "prizes.raffleticket", 
    "fields": {
      "created_at": "2011-08-14 21:42:12", 
      "raffle_prize": 3, 
      "user": 686, 
      "updated_at": "2011-08-14 21:42:12"
    }
  }, 
  {
    "pk": 650, 
    "model": "prizes.raffleticket", 
    "fields": {
      "created_at": "2011-08-14 21:42:06", 
      "raffle_prize": 3, 
      "user": 686, 
      "updated_at": "2011-08-14 21:42:06"
    }
  }, 
  {
    "pk": 649, 
    "model": "prizes.raffleticket", 
    "fields": {
      "created_at": "2011-08-14 21:09:37", 
      "raffle_prize": 4, 
      "user": 695, 
      "updated_at": "2011-08-14 21:09:37"
    }
  }, 
  {
    "pk": 736, 
    "model": "prizes.raffleticket", 
    "fields": {
      "created_at": "2011-08-17 22:37:34", 
      "raffle_prize": 9, 
      "user": 693, 
      "updated_at": "2011-08-17 22:37:34"
    }
  }, 
  {
    "pk": 735, 
    "model": "prizes.raffleticket", 
    "fields": {
      "created_at": "2011-08-17 22:37:30", 
      "raffle_prize": 8, 
      "user": 693, 
      "updated_at": "2011-08-17 22:37:30"
    }
  }, 
  {
    "pk": 734, 
    "model": "prizes.raffleticket", 
    "fields": {
      "created_at": "2011-08-17 22:37:24", 
      "raffle_prize": 7, 
      "user": 693, 
      "updated_at": "2011-08-17 22:37:24"
    }
  }, 
  {
    "pk": 733, 
    "model": "prizes.raffleticket", 
    "fields": {
      "created_at": "2011-08-17 20:57:51", 
      "raffle_prize": 5, 
      "user": 686, 
      "updated_at": "2011-08-17 20:57:51"
    }
  }, 
  {
    "pk": 732, 
    "model": "prizes.raffleticket", 
    "fields": {
      "created_at": "2011-08-17 20:57:48", 
      "raffle_prize": 5, 
      "user": 686, 
      "updated_at": "2011-08-17 20:57:48"
    }
  }, 
  {
    "pk": 731, 
    "model": "prizes.raffleticket", 
    "fields": {
      "created_at": "2011-08-17 20:57:45", 
      "raffle_prize": 5, 
      "user": 686, 
      "updated_at": "2011-08-17 20:57:45"
    }
  }, 
  {
    "pk": 730, 
    "model": "prizes.raffleticket", 
    "fields": {
      "created_at": "2011-08-17 20:57:43", 
      "raffle_prize": 5, 
      "user": 686, 
      "updated_at": "2011-08-17 20:57:43"
    }
  }, 
  {
    "pk": 648, 
    "model": "prizes.raffleticket", 
    "fields": {
      "created_at": "2011-08-14 21:09:34", 
      "raffle_prize": 4, 
      "user": 695, 
      "updated_at": "2011-08-14 21:09:34"
    }
  }, 
  {
    "pk": 647, 
    "model": "prizes.raffleticket", 
    "fields": {
      "created_at": "2011-08-14 20:36:56", 
      "raffle_prize": 3, 
      "user": 690, 
      "updated_at": "2011-08-14 20:36:56"
    }
  }, 
  {
    "pk": 729, 
    "model": "prizes.raffleticket", 
    "fields": {
      "created_at": "2011-08-17 18:56:01", 
      "raffle_prize": 7, 
      "user": 685, 
      "updated_at": "2011-08-17 18:56:01"
    }
  }, 
  {
    "pk": 646, 
    "model": "prizes.raffleticket", 
    "fields": {
      "created_at": "2011-08-14 20:05:49", 
      "raffle_prize": 3, 
      "user": 686, 
      "updated_at": "2011-08-14 20:05:49"
    }
  }, 
  {
    "pk": 728, 
    "model": "prizes.raffleticket", 
    "fields": {
      "created_at": "2011-08-17 18:54:01", 
      "raffle_prize": 8, 
      "user": 688, 
      "updated_at": "2011-08-17 18:54:01"
    }
  }, 
  {
    "pk": 645, 
    "model": "prizes.raffleticket", 
    "fields": {
      "created_at": "2011-08-14 20:05:42", 
      "raffle_prize": 3, 
      "user": 686, 
      "updated_at": "2011-08-14 20:05:42"
    }
  }, 
  {
    "pk": 727, 
    "model": "prizes.raffleticket", 
    "fields": {
      "created_at": "2011-08-17 18:53:58", 
      "raffle_prize": 8, 
      "user": 688, 
      "updated_at": "2011-08-17 18:53:58"
    }
  }, 
  {
    "pk": 726, 
    "model": "prizes.raffleticket", 
    "fields": {
      "created_at": "2011-08-17 18:53:53", 
      "raffle_prize": 8, 
      "user": 688, 
      "updated_at": "2011-08-17 18:53:53"
    }
  }, 
  {
    "pk": 725, 
    "model": "prizes.raffleticket", 
    "fields": {
      "created_at": "2011-08-17 06:32:31", 
      "raffle_prize": 5, 
      "user": 686, 
      "updated_at": "2011-08-17 06:32:31"
    }
  }, 
  {
    "pk": 724, 
    "model": "prizes.raffleticket", 
    "fields": {
      "created_at": "2011-08-17 06:32:28", 
      "raffle_prize": 5, 
      "user": 686, 
      "updated_at": "2011-08-17 06:32:28"
    }
  }, 
  {
    "pk": 723, 
    "model": "prizes.raffleticket", 
    "fields": {
      "created_at": "2011-08-17 06:32:26", 
      "raffle_prize": 5, 
      "user": 686, 
      "updated_at": "2011-08-17 06:32:26"
    }
  }, 
  {
    "pk": 644, 
    "model": "prizes.raffleticket", 
    "fields": {
      "created_at": "2011-08-14 17:24:43", 
      "raffle_prize": 3, 
      "user": 692, 
      "updated_at": "2011-08-14 17:24:43"
    }
  }, 
  {
    "pk": 722, 
    "model": "prizes.raffleticket", 
    "fields": {
      "created_at": "2011-08-17 06:32:23", 
      "raffle_prize": 5, 
      "user": 686, 
      "updated_at": "2011-08-17 06:32:23"
    }
  }, 
  {
    "pk": 643, 
    "model": "prizes.raffleticket", 
    "fields": {
      "created_at": "2011-08-14 17:24:11", 
      "raffle_prize": 3, 
      "user": 692, 
      "updated_at": "2011-08-14 17:24:11"
    }
  }, 
  {
    "pk": 721, 
    "model": "prizes.raffleticket", 
    "fields": {
      "created_at": "2011-08-16 19:43:27", 
      "raffle_prize": 8, 
      "user": 685, 
      "updated_at": "2011-08-16 19:43:27"
    }
  }, 
  {
    "pk": 720, 
    "model": "prizes.raffleticket", 
    "fields": {
      "created_at": "2011-08-16 15:18:46", 
      "raffle_prize": 5, 
      "user": 686, 
      "updated_at": "2011-08-16 15:18:46"
    }
  }, 
  {
    "pk": 579, 
    "model": "prizes.raffleticket", 
    "fields": {
      "created_at": "2011-08-12 15:44:58", 
      "raffle_prize": 3, 
      "user": 690, 
      "updated_at": "2011-08-12 15:44:58"
    }
  }, 
  {
    "pk": 642, 
    "model": "prizes.raffleticket", 
    "fields": {
      "created_at": "2011-08-14 17:24:07", 
      "raffle_prize": 3, 
      "user": 692, 
      "updated_at": "2011-08-14 17:24:07"
    }
  }, 
  {
    "pk": 719, 
    "model": "prizes.raffleticket", 
    "fields": {
      "created_at": "2011-08-16 15:18:45", 
      "raffle_prize": 5, 
      "user": 686, 
      "updated_at": "2011-08-16 15:18:45"
    }
  }, 
  {
    "pk": 718, 
    "model": "prizes.raffleticket", 
    "fields": {
      "created_at": "2011-08-16 08:05:58", 
      "raffle_prize": 7, 
      "user": 689, 
      "updated_at": "2011-08-16 08:05:58"
    }
  }, 
  {
    "pk": 641, 
    "model": "prizes.raffleticket", 
    "fields": {
      "created_at": "2011-08-14 17:13:00", 
      "raffle_prize": 4, 
      "user": 688, 
      "updated_at": "2011-08-14 17:13:00"
    }
  }, 
  {
    "pk": 717, 
    "model": "prizes.raffleticket", 
    "fields": {
      "created_at": "2011-08-16 08:05:55", 
      "raffle_prize": 7, 
      "user": 689, 
      "updated_at": "2011-08-16 08:05:55"
    }
  }, 
  {
    "pk": 716, 
    "model": "prizes.raffleticket", 
    "fields": {
      "created_at": "2011-08-16 08:05:52", 
      "raffle_prize": 7, 
      "user": 689, 
      "updated_at": "2011-08-16 08:05:52"
    }
  }, 
  {
    "pk": 715, 
    "model": "prizes.raffleticket", 
    "fields": {
      "created_at": "2011-08-16 07:24:43", 
      "raffle_prize": 7, 
      "user": 689, 
      "updated_at": "2011-08-16 07:24:43"
    }
  }, 
  {
    "pk": 640, 
    "model": "prizes.raffleticket", 
    "fields": {
      "created_at": "2011-08-14 16:50:08", 
      "raffle_prize": 3, 
      "user": 692, 
      "updated_at": "2011-08-14 16:50:08"
    }
  }, 
  {
    "pk": 639, 
    "model": "prizes.raffleticket", 
    "fields": {
      "created_at": "2011-08-14 16:49:58", 
      "raffle_prize": 3, 
      "user": 692, 
      "updated_at": "2011-08-14 16:49:58"
    }
  }, 
  {
    "pk": 638, 
    "model": "prizes.raffleticket", 
    "fields": {
      "created_at": "2011-08-14 16:49:53", 
      "raffle_prize": 4, 
      "user": 692, 
      "updated_at": "2011-08-14 16:49:53"
    }
  }, 
  {
    "pk": 714, 
    "model": "prizes.raffleticket", 
    "fields": {
      "created_at": "2011-08-15 22:13:55", 
      "raffle_prize": 8, 
      "user": 691, 
      "updated_at": "2011-08-15 22:13:55"
    }
  }, 
  {
    "pk": 637, 
    "model": "prizes.raffleticket", 
    "fields": {
      "created_at": "2011-08-14 16:40:46", 
      "raffle_prize": 4, 
      "user": 685, 
      "updated_at": "2011-08-14 16:40:46"
    }
  }, 
  {
    "pk": 713, 
    "model": "prizes.raffleticket", 
    "fields": {
      "created_at": "2011-08-15 22:13:53", 
      "raffle_prize": 8, 
      "user": 691, 
      "updated_at": "2011-08-15 22:13:53"
    }
  }, 
  {
    "pk": 636, 
    "model": "prizes.raffleticket", 
    "fields": {
      "created_at": "2011-08-14 16:40:45", 
      "raffle_prize": 4, 
      "user": 685, 
      "updated_at": "2011-08-14 16:40:45"
    }
  }, 
  {
    "pk": 712, 
    "model": "prizes.raffleticket", 
    "fields": {
      "created_at": "2011-08-15 22:13:51", 
      "raffle_prize": 8, 
      "user": 691, 
      "updated_at": "2011-08-15 22:13:51"
    }
  }, 
  {
    "pk": 711, 
    "model": "prizes.raffleticket", 
    "fields": {
      "created_at": "2011-08-15 22:13:50", 
      "raffle_prize": 8, 
      "user": 691, 
      "updated_at": "2011-08-15 22:13:50"
    }
  }, 
  {
    "pk": 710, 
    "model": "prizes.raffleticket", 
    "fields": {
      "created_at": "2011-08-15 22:13:48", 
      "raffle_prize": 8, 
      "user": 691, 
      "updated_at": "2011-08-15 22:13:48"
    }
  }, 
  {
    "pk": 635, 
    "model": "prizes.raffleticket", 
    "fields": {
      "created_at": "2011-08-14 16:40:28", 
      "raffle_prize": 3, 
      "user": 685, 
      "updated_at": "2011-08-14 16:40:28"
    }
  }, 
  {
    "pk": 709, 
    "model": "prizes.raffleticket", 
    "fields": {
      "created_at": "2011-08-15 22:13:46", 
      "raffle_prize": 8, 
      "user": 691, 
      "updated_at": "2011-08-15 22:13:46"
    }
  }, 
  {
    "pk": 708, 
    "model": "prizes.raffleticket", 
    "fields": {
      "created_at": "2011-08-15 22:13:45", 
      "raffle_prize": 8, 
      "user": 691, 
      "updated_at": "2011-08-15 22:13:45"
    }
  }, 
  {
    "pk": 707, 
    "model": "prizes.raffleticket", 
    "fields": {
      "created_at": "2011-08-15 22:13:42", 
      "raffle_prize": 8, 
      "user": 691, 
      "updated_at": "2011-08-15 22:13:42"
    }
  }, 
  {
    "pk": 706, 
    "model": "prizes.raffleticket", 
    "fields": {
      "created_at": "2011-08-15 22:03:52", 
      "raffle_prize": 7, 
      "user": 690, 
      "updated_at": "2011-08-15 22:03:52"
    }
  }, 
  {
    "pk": 705, 
    "model": "prizes.raffleticket", 
    "fields": {
      "created_at": "2011-08-15 20:37:10", 
      "raffle_prize": 5, 
      "user": 686, 
      "updated_at": "2011-08-15 20:37:10"
    }
  }, 
  {
    "pk": 704, 
    "model": "prizes.raffleticket", 
    "fields": {
      "created_at": "2011-08-15 18:25:43", 
      "raffle_prize": 8, 
      "user": 688, 
      "updated_at": "2011-08-15 18:25:43"
    }
  }, 
  {
    "pk": 703, 
    "model": "prizes.raffleticket", 
    "fields": {
      "created_at": "2011-08-15 15:58:04", 
      "raffle_prize": 7, 
      "user": 685, 
      "updated_at": "2011-08-15 15:58:04"
    }
  }, 
  {
    "pk": 634, 
    "model": "prizes.raffleticket", 
    "fields": {
      "created_at": "2011-08-14 16:40:25", 
      "raffle_prize": 3, 
      "user": 685, 
      "updated_at": "2011-08-14 16:40:25"
    }
  }, 
  {
    "pk": 633, 
    "model": "prizes.raffleticket", 
    "fields": {
      "created_at": "2011-08-14 16:40:15", 
      "raffle_prize": 3, 
      "user": 685, 
      "updated_at": "2011-08-14 16:40:15"
    }
  }, 
  {
    "pk": 702, 
    "model": "prizes.raffleticket", 
    "fields": {
      "created_at": "2011-08-15 15:58:02", 
      "raffle_prize": 7, 
      "user": 685, 
      "updated_at": "2011-08-15 15:58:02"
    }
  }, 
  {
    "pk": 632, 
    "model": "prizes.raffleticket", 
    "fields": {
      "created_at": "2011-08-14 15:15:07", 
      "raffle_prize": 3, 
      "user": 690, 
      "updated_at": "2011-08-14 15:15:07"
    }
  }, 
  {
    "pk": 631, 
    "model": "prizes.raffleticket", 
    "fields": {
      "created_at": "2011-08-14 14:11:47", 
      "raffle_prize": 4, 
      "user": 688, 
      "updated_at": "2011-08-14 14:11:47"
    }
  }, 
  {
    "pk": 701, 
    "model": "prizes.raffleticket", 
    "fields": {
      "created_at": "2011-08-15 15:57:56", 
      "raffle_prize": 8, 
      "user": 685, 
      "updated_at": "2011-08-15 15:57:56"
    }
  }, 
  {
    "pk": 700, 
    "model": "prizes.raffleticket", 
    "fields": {
      "created_at": "2011-08-15 15:57:51", 
      "raffle_prize": 8, 
      "user": 685, 
      "updated_at": "2011-08-15 15:57:51"
    }
  }, 
  {
    "pk": 699, 
    "model": "prizes.raffleticket", 
    "fields": {
      "created_at": "2011-08-15 14:25:54", 
      "raffle_prize": 7, 
      "user": 689, 
      "updated_at": "2011-08-15 14:25:54"
    }
  }, 
  {
    "pk": 698, 
    "model": "prizes.raffleticket", 
    "fields": {
      "created_at": "2011-08-15 14:25:51", 
      "raffle_prize": 7, 
      "user": 689, 
      "updated_at": "2011-08-15 14:25:51"
    }
  }, 
  {
    "pk": 630, 
    "model": "prizes.raffleticket", 
    "fields": {
      "created_at": "2011-08-14 14:11:44", 
      "raffle_prize": 4, 
      "user": 688, 
      "updated_at": "2011-08-14 14:11:44"
    }
  }, 
  {
    "pk": 629, 
    "model": "prizes.raffleticket", 
    "fields": {
      "created_at": "2011-08-14 14:11:38", 
      "raffle_prize": 4, 
      "user": 688, 
      "updated_at": "2011-08-14 14:11:38"
    }
  }, 
  {
    "pk": 697, 
    "model": "prizes.raffleticket", 
    "fields": {
      "created_at": "2011-08-15 13:49:01", 
      "raffle_prize": 7, 
      "user": 689, 
      "updated_at": "2011-08-15 13:49:01"
    }
  }, 
  {
    "pk": 696, 
    "model": "prizes.raffleticket", 
    "fields": {
      "created_at": "2011-08-15 13:22:09", 
      "raffle_prize": 7, 
      "user": 689, 
      "updated_at": "2011-08-15 13:22:09"
    }
  }, 
  {
    "pk": 695, 
    "model": "prizes.raffleticket", 
    "fields": {
      "created_at": "2011-08-15 13:09:11", 
      "raffle_prize": 7, 
      "user": 689, 
      "updated_at": "2011-08-15 13:09:11"
    }
  }, 
  {
    "pk": 694, 
    "model": "prizes.raffleticket", 
    "fields": {
      "created_at": "2011-08-15 13:09:07", 
      "raffle_prize": 7, 
      "user": 689, 
      "updated_at": "2011-08-15 13:09:07"
    }
  }, 
  {
    "pk": 628, 
    "model": "prizes.raffleticket", 
    "fields": {
      "created_at": "2011-08-14 12:58:15", 
      "raffle_prize": 4, 
      "user": 683, 
      "updated_at": "2011-08-14 12:58:15"
    }
  }, 
  {
    "pk": 627, 
    "model": "prizes.raffleticket", 
    "fields": {
      "created_at": "2011-08-14 12:58:13", 
      "raffle_prize": 4, 
      "user": 683, 
      "updated_at": "2011-08-14 12:58:13"
    }
  }, 
  {
    "pk": 693, 
    "model": "prizes.raffleticket", 
    "fields": {
      "created_at": "2011-08-15 13:09:01", 
      "raffle_prize": 7, 
      "user": 689, 
      "updated_at": "2011-08-15 13:09:01"
    }
  }, 
  {
    "pk": 692, 
    "model": "prizes.raffleticket", 
    "fields": {
      "created_at": "2011-08-15 13:08:40", 
      "raffle_prize": 9, 
      "user": 683, 
      "updated_at": "2011-08-15 13:08:40"
    }
  }, 
  {
    "pk": 691, 
    "model": "prizes.raffleticket", 
    "fields": {
      "created_at": "2011-08-15 12:44:16", 
      "raffle_prize": 5, 
      "user": 692, 
      "updated_at": "2011-08-15 12:44:16"
    }
  }, 
  {
    "pk": 688, 
    "model": "prizes.raffleticket", 
    "fields": {
      "created_at": "2011-08-15 08:17:49", 
      "raffle_prize": 7, 
      "user": 698, 
      "updated_at": "2011-08-15 08:17:49"
    }
  }, 
  {
    "pk": 617, 
    "model": "prizes.raffleticket", 
    "fields": {
      "created_at": "2011-08-14 10:31:20", 
      "raffle_prize": 6, 
      "user": 698, 
      "updated_at": "2011-08-14 10:31:20"
    }
  }, 
  {
    "pk": 689, 
    "model": "prizes.raffleticket", 
    "fields": {
      "created_at": "2011-08-15 08:18:05", 
      "raffle_prize": 8, 
      "user": 698, 
      "updated_at": "2011-08-15 08:18:05"
    }
  }, 
  {
    "pk": 686, 
    "model": "prizes.raffleticket", 
    "fields": {
      "created_at": "2011-08-15 08:17:44", 
      "raffle_prize": 9, 
      "user": 698, 
      "updated_at": "2011-08-15 08:17:44"
    }
  }, 
  {
    "pk": 685, 
    "model": "prizes.raffleticket", 
    "fields": {
      "created_at": "2011-08-15 08:17:43", 
      "raffle_prize": 5, 
      "user": 698, 
      "updated_at": "2011-08-15 08:17:43"
    }
  }, 
  {
    "pk": 623, 
    "model": "prizes.raffleticket", 
    "fields": {
      "created_at": "2011-08-14 10:31:36", 
      "raffle_prize": 6, 
      "user": 698, 
      "updated_at": "2011-08-14 10:31:36"
    }
  }, 
  {
    "pk": 684, 
    "model": "prizes.raffleticket", 
    "fields": {
      "created_at": "2011-08-15 07:34:03", 
      "raffle_prize": 8, 
      "user": 684, 
      "updated_at": "2011-08-15 07:34:03"
    }
  }, 
  {
    "pk": 624, 
    "model": "prizes.raffleticket", 
    "fields": {
      "created_at": "2011-08-14 10:31:36", 
      "raffle_prize": 6, 
      "user": 698, 
      "updated_at": "2011-08-14 10:31:36"
    }
  }, 
  {
    "pk": 614, 
    "model": "prizes.raffleticket", 
    "fields": {
      "created_at": "2011-08-14 10:31:00", 
      "raffle_prize": 6, 
      "user": 698, 
      "updated_at": "2011-08-14 10:31:00"
    }
  }, 
  {
    "pk": 613, 
    "model": "prizes.raffleticket", 
    "fields": {
      "created_at": "2011-08-14 09:43:34", 
      "raffle_prize": 6, 
      "user": 682, 
      "updated_at": "2011-08-14 09:43:34"
    }
  }, 
  {
    "pk": 683, 
    "model": "prizes.raffleticket", 
    "fields": {
      "created_at": "2011-08-15 07:33:36", 
      "raffle_prize": 5, 
      "user": 684, 
      "updated_at": "2011-08-15 07:33:36"
    }
  }, 
  {
    "pk": 612, 
    "model": "prizes.raffleticket", 
    "fields": {
      "created_at": "2011-08-14 09:43:34", 
      "raffle_prize": 6, 
      "user": 682, 
      "updated_at": "2011-08-14 09:43:34"
    }
  }, 
  {
    "pk": 682, 
    "model": "prizes.raffleticket", 
    "fields": {
      "created_at": "2011-08-15 00:38:33", 
      "raffle_prize": 7, 
      "user": 693, 
      "updated_at": "2011-08-15 00:38:33"
    }
  }, 
  {
    "pk": 681, 
    "model": "prizes.raffleticket", 
    "fields": {
      "created_at": "2011-08-15 00:38:24", 
      "raffle_prize": 9, 
      "user": 693, 
      "updated_at": "2011-08-15 00:38:24"
    }
  }, 
  {
    "pk": 680, 
    "model": "prizes.raffleticket", 
    "fields": {
      "created_at": "2011-08-14 22:58:07", 
      "raffle_prize": 3, 
      "user": 692, 
      "updated_at": "2011-08-14 22:58:07"
    }
  }, 
  {
    "pk": 611, 
    "model": "prizes.raffleticket", 
    "fields": {
      "created_at": "2011-08-14 09:05:22", 
      "raffle_prize": 4, 
      "user": 688, 
      "updated_at": "2011-08-14 09:05:22"
    }
  }, 
  {
    "pk": 679, 
    "model": "prizes.raffleticket", 
    "fields": {
      "created_at": "2011-08-14 22:58:03", 
      "raffle_prize": 3, 
      "user": 692, 
      "updated_at": "2011-08-14 22:58:03"
    }
  }, 
  {
    "pk": 610, 
    "model": "prizes.raffleticket", 
    "fields": {
      "created_at": "2011-08-14 07:08:22", 
      "raffle_prize": 4, 
      "user": 690, 
      "updated_at": "2011-08-14 07:08:22"
    }
  }, 
  {
    "pk": 609, 
    "model": "prizes.raffleticket", 
    "fields": {
      "created_at": "2011-08-14 07:08:14", 
      "raffle_prize": 3, 
      "user": 690, 
      "updated_at": "2011-08-14 07:08:14"
    }
  }, 
  {
    "pk": 678, 
    "model": "prizes.raffleticket", 
    "fields": {
      "created_at": "2011-08-14 22:54:50", 
      "raffle_prize": 4, 
      "user": 683, 
      "updated_at": "2011-08-14 22:54:50"
    }
  }, 
  {
    "pk": 677, 
    "model": "prizes.raffleticket", 
    "fields": {
      "created_at": "2011-08-14 22:54:45", 
      "raffle_prize": 4, 
      "user": 683, 
      "updated_at": "2011-08-14 22:54:45"
    }
  }, 
  {
    "pk": 608, 
    "model": "prizes.raffleticket", 
    "fields": {
      "created_at": "2011-08-14 07:08:06", 
      "raffle_prize": 3, 
      "user": 690, 
      "updated_at": "2011-08-14 07:08:06"
    }
  }, 
  {
    "pk": 676, 
    "model": "prizes.raffleticket", 
    "fields": {
      "created_at": "2011-08-14 22:54:42", 
      "raffle_prize": 4, 
      "user": 683, 
      "updated_at": "2011-08-14 22:54:42"
    }
  }, 
  {
    "pk": 605, 
    "model": "prizes.raffleticket", 
    "fields": {
      "created_at": "2011-08-13 14:47:21", 
      "raffle_prize": 4, 
      "user": 688, 
      "updated_at": "2011-08-13 14:47:21"
    }
  }, 
  {
    "pk": 604, 
    "model": "prizes.raffleticket", 
    "fields": {
      "created_at": "2011-08-13 14:47:19", 
      "raffle_prize": 4, 
      "user": 688, 
      "updated_at": "2011-08-13 14:47:19"
    }
  }, 
  {
    "pk": 675, 
    "model": "prizes.raffleticket", 
    "fields": {
      "created_at": "2011-08-14 22:54:42", 
      "raffle_prize": 4, 
      "user": 683, 
      "updated_at": "2011-08-14 22:54:42"
    }
  }, 
  {
    "pk": 596, 
    "model": "prizes.raffleticket", 
    "fields": {
      "created_at": "2011-08-13 12:24:41", 
      "raffle_prize": 4, 
      "user": 688, 
      "updated_at": "2011-08-13 12:24:41"
    }
  }, 
  {
    "pk": 595, 
    "model": "prizes.raffleticket", 
    "fields": {
      "created_at": "2011-08-13 12:24:34", 
      "raffle_prize": 4, 
      "user": 688, 
      "updated_at": "2011-08-13 12:24:34"
    }
  }, 
  {
    "pk": 597, 
    "model": "prizes.raffleticket", 
    "fields": {
      "created_at": "2011-08-13 12:24:51", 
      "raffle_prize": 4, 
      "user": 688, 
      "updated_at": "2011-08-13 12:24:51"
    }
  }, 
  {
    "pk": 593, 
    "model": "prizes.raffleticket", 
    "fields": {
      "created_at": "2011-08-13 09:45:05", 
      "raffle_prize": 6, 
      "user": 682, 
      "updated_at": "2011-08-13 09:45:05"
    }
  }, 
  {
    "pk": 674, 
    "model": "prizes.raffleticket", 
    "fields": {
      "created_at": "2011-08-14 22:54:42", 
      "raffle_prize": 4, 
      "user": 683, 
      "updated_at": "2011-08-14 22:54:42"
    }
  }, 
  {
    "pk": 673, 
    "model": "prizes.raffleticket", 
    "fields": {
      "created_at": "2011-08-14 22:54:41", 
      "raffle_prize": 4, 
      "user": 683, 
      "updated_at": "2011-08-14 22:54:41"
    }
  }, 
  {
    "pk": 592, 
    "model": "prizes.raffleticket", 
    "fields": {
      "created_at": "2011-08-13 09:45:02", 
      "raffle_prize": 6, 
      "user": 682, 
      "updated_at": "2011-08-13 09:45:02"
    }
  }, 
  {
    "pk": 591, 
    "model": "prizes.raffleticket", 
    "fields": {
      "created_at": "2011-08-13 08:57:08", 
      "raffle_prize": 4, 
      "user": 690, 
      "updated_at": "2011-08-13 08:57:08"
    }
  }, 
  {
    "pk": 672, 
    "model": "prizes.raffleticket", 
    "fields": {
      "created_at": "2011-08-14 22:54:40", 
      "raffle_prize": 4, 
      "user": 683, 
      "updated_at": "2011-08-14 22:54:40"
    }
  }, 
  {
    "pk": 590, 
    "model": "prizes.raffleticket", 
    "fields": {
      "created_at": "2011-08-13 08:57:02", 
      "raffle_prize": 4, 
      "user": 690, 
      "updated_at": "2011-08-13 08:57:02"
    }
  }, 
  {
    "pk": 589, 
    "model": "prizes.raffleticket", 
    "fields": {
      "created_at": "2011-08-13 08:56:45", 
      "raffle_prize": 3, 
      "user": 690, 
      "updated_at": "2011-08-13 08:56:45"
    }
  }, 
  {
    "pk": 602, 
    "model": "prizes.raffleticket", 
    "fields": {
      "created_at": "2011-08-13 14:47:14", 
      "raffle_prize": 4, 
      "user": 688, 
      "updated_at": "2011-08-13 14:47:14"
    }
  }, 
  {
    "pk": 671, 
    "model": "prizes.raffleticket", 
    "fields": {
      "created_at": "2011-08-14 22:44:44", 
      "raffle_prize": 6, 
      "user": 684, 
      "updated_at": "2011-08-14 22:44:44"
    }
  }, 
  {
    "pk": 670, 
    "model": "prizes.raffleticket", 
    "fields": {
      "created_at": "2011-08-14 22:44:41", 
      "raffle_prize": 6, 
      "user": 684, 
      "updated_at": "2011-08-14 22:44:41"
    }
  }, 
  {
    "pk": 668, 
    "model": "prizes.raffleticket", 
    "fields": {
      "created_at": "2011-08-14 22:33:46", 
      "raffle_prize": 6, 
      "user": 684, 
      "updated_at": "2011-08-14 22:33:46"
    }
  }, 
  {
    "pk": 669, 
    "model": "prizes.raffleticket", 
    "fields": {
      "created_at": "2011-08-14 22:33:49", 
      "raffle_prize": 6, 
      "user": 684, 
      "updated_at": "2011-08-14 22:33:49"
    }
  }, 
  {
    "pk": 665, 
    "model": "prizes.raffleticket", 
    "fields": {
      "created_at": "2011-08-14 22:32:56", 
      "raffle_prize": 6, 
      "user": 684, 
      "updated_at": "2011-08-14 22:32:56"
    }
  }, 
  {
    "pk": 599, 
    "model": "prizes.raffleticket", 
    "fields": {
      "created_at": "2011-08-13 13:57:34", 
      "raffle_prize": 3, 
      "user": 698, 
      "updated_at": "2011-08-13 13:57:34"
    }
  }, 
  {
    "pk": 664, 
    "model": "prizes.raffleticket", 
    "fields": {
      "created_at": "2011-08-14 22:03:17", 
      "raffle_prize": 3, 
      "user": 692, 
      "updated_at": "2011-08-14 22:03:17"
    }
  }, 
  {
    "pk": 663, 
    "model": "prizes.raffleticket", 
    "fields": {
      "created_at": "2011-08-14 22:03:14", 
      "raffle_prize": 4, 
      "user": 692, 
      "updated_at": "2011-08-14 22:03:14"
    }
  }, 
  {
    "pk": 598, 
    "model": "prizes.raffleticket", 
    "fields": {
      "created_at": "2011-08-13 13:57:33", 
      "raffle_prize": 4, 
      "user": 698, 
      "updated_at": "2011-08-13 13:57:33"
    }
  }, 
  {
    "pk": 578, 
    "model": "prizes.raffleticket", 
    "fields": {
      "created_at": "2011-08-12 11:16:02", 
      "raffle_prize": 3, 
      "user": 690, 
      "updated_at": "2011-08-12 11:16:02"
    }
  }, 
  {
    "pk": 601, 
    "model": "prizes.raffleticket", 
    "fields": {
      "created_at": "2011-08-13 14:32:16", 
      "raffle_prize": 4, 
      "user": 688, 
      "updated_at": "2011-08-13 14:32:16"
    }
  }, 
  {
    "pk": 584, 
    "model": "prizes.raffleticket", 
    "fields": {
      "created_at": "2011-08-12 17:33:03", 
      "raffle_prize": 3, 
      "user": 690, 
      "updated_at": "2011-08-12 17:33:03"
    }
  }, 
  {
    "pk": 745, 
    "model": "prizes.raffleticket", 
    "fields": {
      "created_at": "2011-08-17 22:38:59", 
      "raffle_prize": 9, 
      "user": 693, 
      "updated_at": "2011-08-17 22:38:59"
    }
  }, 
  {
    "pk": 744, 
    "model": "prizes.raffleticket", 
    "fields": {
      "created_at": "2011-08-17 22:38:49", 
      "raffle_prize": 9, 
      "user": 693, 
      "updated_at": "2011-08-17 22:38:49"
    }
  }, 
  {
    "pk": 743, 
    "model": "prizes.raffleticket", 
    "fields": {
      "created_at": "2011-08-17 22:38:44", 
      "raffle_prize": 7, 
      "user": 693, 
      "updated_at": "2011-08-17 22:38:44"
    }
  }, 
  {
    "pk": 742, 
    "model": "prizes.raffleticket", 
    "fields": {
      "created_at": "2011-08-17 22:38:41", 
      "raffle_prize": 8, 
      "user": 693, 
      "updated_at": "2011-08-17 22:38:41"
    }
  }, 
  {
    "pk": 741, 
    "model": "prizes.raffleticket", 
    "fields": {
      "created_at": "2011-08-17 22:38:36", 
      "raffle_prize": 9, 
      "user": 693, 
      "updated_at": "2011-08-17 22:38:36"
    }
  }, 
  {
    "pk": 583, 
    "model": "prizes.raffleticket", 
    "fields": {
      "created_at": "2011-08-12 17:32:36", 
      "raffle_prize": 3, 
      "user": 690, 
      "updated_at": "2011-08-12 17:32:36"
    }
  }, 
  {
    "pk": 600, 
    "model": "prizes.raffleticket", 
    "fields": {
      "created_at": "2011-08-13 14:32:13", 
      "raffle_prize": 4, 
      "user": 688, 
      "updated_at": "2011-08-13 14:32:13"
    }
  }, 
  {
    "pk": 740, 
    "model": "prizes.raffleticket", 
    "fields": {
      "created_at": "2011-08-17 22:38:32", 
      "raffle_prize": 5, 
      "user": 693, 
      "updated_at": "2011-08-17 22:38:32"
    }
  }, 
  {
    "pk": 662, 
    "model": "prizes.raffleticket", 
    "fields": {
      "created_at": "2011-08-14 22:03:08", 
      "raffle_prize": 3, 
      "user": 692, 
      "updated_at": "2011-08-14 22:03:08"
    }
  }, 
  {
    "pk": 661, 
    "model": "prizes.raffleticket", 
    "fields": {
      "created_at": "2011-08-14 22:03:02", 
      "raffle_prize": 3, 
      "user": 692, 
      "updated_at": "2011-08-14 22:03:02"
    }
  }, 
  {
    "pk": 581, 
    "model": "prizes.raffleticket", 
    "fields": {
      "created_at": "2011-08-12 16:23:30", 
      "raffle_prize": 6, 
      "user": 698, 
      "updated_at": "2011-08-12 16:23:30"
    }
  }, 
  {
    "pk": 660, 
    "model": "prizes.raffleticket", 
    "fields": {
      "created_at": "2011-08-14 21:58:34", 
      "raffle_prize": 6, 
      "user": 682, 
      "updated_at": "2011-08-14 21:58:34"
    }
  }, 
  {
    "pk": 659, 
    "model": "prizes.raffleticket", 
    "fields": {
      "created_at": "2011-08-14 21:58:28", 
      "raffle_prize": 6, 
      "user": 682, 
      "updated_at": "2011-08-14 21:58:28"
    }
  }, 
  {
    "pk": 739, 
    "model": "prizes.raffleticket", 
    "fields": {
      "created_at": "2011-08-17 22:38:12", 
      "raffle_prize": 5, 
      "user": 693, 
      "updated_at": "2011-08-17 22:38:12"
    }
  }, 
  {
    "pk": 738, 
    "model": "prizes.raffleticket", 
    "fields": {
      "created_at": "2011-08-17 22:37:59", 
      "raffle_prize": 9, 
      "user": 693, 
      "updated_at": "2011-08-17 22:37:59"
    }
  }, 
  {
    "pk": 658, 
    "model": "prizes.raffleticket", 
    "fields": {
      "created_at": "2011-08-14 21:58:22", 
      "raffle_prize": 6, 
      "user": 682, 
      "updated_at": "2011-08-14 21:58:22"
    }
  }, 
  {
    "pk": 657, 
    "model": "prizes.raffleticket", 
    "fields": {
      "created_at": "2011-08-14 21:58:18", 
      "raffle_prize": 6, 
      "user": 682, 
      "updated_at": "2011-08-14 21:58:18"
    }
  }, 
  {
    "pk": 656, 
    "model": "prizes.raffleticket", 
    "fields": {
      "created_at": "2011-08-14 21:42:36", 
      "raffle_prize": 3, 
      "user": 686, 
      "updated_at": "2011-08-14 21:42:36"
    }
  }, 
  {
    "pk": 655, 
    "model": "prizes.raffleticket", 
    "fields": {
      "created_at": "2011-08-14 21:42:25", 
      "raffle_prize": 3, 
      "user": 686, 
      "updated_at": "2011-08-14 21:42:25"
    }
  }, 
  {
    "pk": 577, 
    "model": "prizes.raffleticket", 
    "fields": {
      "created_at": "2011-08-12 00:13:13", 
      "raffle_prize": 6, 
      "user": 691, 
      "updated_at": "2011-08-12 00:13:13"
    }
  }, 
  {
    "pk": 654, 
    "model": "prizes.raffleticket", 
    "fields": {
      "created_at": "2011-08-14 21:42:20", 
      "raffle_prize": 3, 
      "user": 686, 
      "updated_at": "2011-08-14 21:42:20"
    }
  }, 
  {
    "pk": 575, 
    "model": "prizes.raffleticket", 
    "fields": {
      "created_at": "2011-08-12 00:12:31", 
      "raffle_prize": 4, 
      "user": 691, 
      "updated_at": "2011-08-12 00:12:31"
    }
  }, 
  {
    "pk": 574, 
    "model": "prizes.raffleticket", 
    "fields": {
      "created_at": "2011-08-12 00:12:25", 
      "raffle_prize": 3, 
      "user": 691, 
      "updated_at": "2011-08-12 00:12:25"
    }
  }, 
  {
    "pk": 760, 
    "model": "prizes.raffleticket", 
    "fields": {
      "created_at": "2011-09-10 18:03:00", 
      "raffle_prize": 6, 
      "user": 655, 
      "updated_at": "2011-09-10 18:03:00"
    }
  }
]